2026/08/07 04:00:57 akmods: Building RPM using the command '/usr/sbin/akmodsbuild --kernels 7.1.6-201.fc44.x86_64 /usr/src/akmods/linux-ntfs-kmod.latest'
/tmp/akmods.vL70KvNt/results/kmod-linux-ntfs-7.1.6-201.fc44.x86_64-20260722-1.fc44.x86_64.rpm
/tmp/akmods.vL70KvNt/results/linux-ntfs-kmod-common-20260722-1.fc44.x86_64.rpm
2026/08/07 04:01:00 akmodsbuild: * Rebuilding /usr/src/akmods/linux-ntfs-kmod.latest for kernel(s) 7.1.6-201.fc44.x86_64: erreur : Impossible de créer transaction verrou sur /usr/lib/sysimage/rpm/.rpm.lock (Ressource temporairement non disponible)
2026/08/07 04:01:00 akmodsbuild: Construction pour plateformes cibles : x86_64
2026/08/07 04:01:00 akmodsbuild: Construction pour cible x86_64
2026/08/07 04:01:00 akmodsbuild: Installation de /usr/src/akmods/linux-ntfs-kmod.latest
2026/08/07 04:01:00 akmodsbuild: paramètre SOURCE_DATE_EPOCH=1784678400
2026/08/07 04:01:00 akmodsbuild: Exécution_de(%mkbuilddir) : /bin/sh -e /var/tmp/rpm-tmp.Fha00Y
2026/08/07 04:01:00 akmodsbuild: Exécution_de(%prep) : /bin/sh -e /var/tmp/rpm-tmp.4dqT3P
2026/08/07 04:01:00 akmodsbuild: + umask 022
2026/08/07 04:01:00 akmodsbuild: + cd /tmp/akmodsbuild.25M4OJZl//BUILD/linux-ntfs-kmod-20260722-build
2026/08/07 04:01:00 akmodsbuild: + kmodtool --target x86_64 --repo rpmfusion --kmodname linux-ntfs --akmod --for-kernels 7.1.6-201.fc44.x86_64
2026/08/07 04:01:00 akmodsbuild: 
2026/08/07 04:01:00 akmodsbuild: %{?rhel:%global with_rhel_kabi 1}
2026/08/07 04:01:00 akmodsbuild: 
2026/08/07 04:01:00 akmodsbuild: %if 0%{?rhel} || 0%{?fedora}
2026/08/07 04:01:00 akmodsbuild: %global kmod_pkg_name kmod-linux-ntfs
2026/08/07 04:01:00 akmodsbuild: %global pkg_kmod_name linux-ntfs-kmod
2026/08/07 04:01:00 akmodsbuild: %{?obsolete_name:%global kmod_obsolete_name kmod-%{obsolete_name}}
2026/08/07 04:01:00 akmodsbuild: %endif
2026/08/07 04:01:00 akmodsbuild: 
2026/08/07 04:01:00 akmodsbuild: %if 0%{?rhel} || 0%{?fedora}
2026/08/07 04:01:00 akmodsbuild: %global kmod_for_kernel %{?with_rhel_kabi:7.1.6-201.fc44}%{!?with_rhel_kabi:7.1.6-201.fc44.x86_64}
2026/08/07 04:01:00 akmodsbuild: %global package_kmod_name %{kmod_pkg_name}-%{kmod_for_kernel}
2026/08/07 04:01:00 akmodsbuild: %endif
2026/08/07 04:01:00 akmodsbuild: %global  _prefix_usr      /usr
2026/08/07 04:01:00 akmodsbuild: 
2026/08/07 04:01:00 akmodsbuild: %package       -n %{package_kmod_name}
2026/08/07 04:01:00 akmodsbuild: Summary:          linux-ntfs kernel module(s) for %{kmod_for_kernel}
2026/08/07 04:01:00 akmodsbuild: Provides:         kernel-modules%{!?with_rhel_kabi:-for-kernel} = 7.1.6-201.fc44.x86_64
2026/08/07 04:01:00 akmodsbuild: %if %{with rhel_kabi}
2026/08/07 04:01:00 akmodsbuild: Provides:         installonlypkg(kernel-module)
2026/08/07 04:01:00 akmodsbuild: %endif
2026/08/07 04:01:00 akmodsbuild: Provides:         %{pkg_kmod_name} = %{?epoch:%{epoch}:}%{version}-%{release}
2026/08/07 04:01:00 akmodsbuild: Requires:         %{pkg_kmod_name}-common >= %{?epoch:%{epoch}:}%{version}
2026/08/07 04:01:00 akmodsbuild: Requires(post):   %{?_prefix_usr}/sbin/depmod
2026/08/07 04:01:00 akmodsbuild: Requires(postun): %{?_prefix_usr}/sbin/depmod
2026/08/07 04:01:00 akmodsbuild: %if %{with rhel_kabi}
2026/08/07 04:01:00 akmodsbuild: Requires(post):   %{?_prefix_usr}/sbin/weak-modules
2026/08/07 04:01:00 akmodsbuild: Requires(postun): %{?_prefix_usr}/sbin/weak-modules
2026/08/07 04:01:00 akmodsbuild: %endif
2026/08/07 04:01:00 akmodsbuild: %global _kmodtool_depmod_post \if [ -f /boot/System.map-7.1.6-201.fc44.x86_64 ] ; then \  %{?_prefix_usr}/sbin/depmod -aeF /boot/System.map-7.1.6-201.fc44.x86_64 7.1.6-201.fc44.x86_64 >/dev/null ; \elif [ -f /lib/modules/7.1.6-201.fc44.x86_64/System.map ] ; then \  %{?_prefix_usr}/sbin/depmod -aeF /lib/modules/7.1.6-201.fc44.x86_64/System.map 7.1.6-201.fc44.x86_64 >/dev/null ; \else \  %{?_prefix_usr}/sbin/depmod -a >/dev/null ; \fi || :
2026/08/07 04:01:00 akmodsbuild: 
2026/08/07 04:01:00 akmodsbuild: %if %{with rhel_kabi}
2026/08/07 04:01:00 akmodsbuild: Requires:           kernel-uname-r >= 7.1.6-201.fc44.x86_64
2026/08/07 04:01:00 akmodsbuild: %else
2026/08/07 04:01:00 akmodsbuild: Requires:           kernel-uname-r = 7.1.6-201.fc44.x86_64
2026/08/07 04:01:00 akmodsbuild: %endif
2026/08/07 04:01:00 akmodsbuild: BuildRequires:  kernel-devel-uname-r = 7.1.6-201.fc44.x86_64
2026/08/07 04:01:00 akmodsbuild: BuildRequires:  gcc
2026/08/07 04:01:00 akmodsbuild: BuildRequires:  redhat-rpm-config
2026/08/07 04:01:00 akmodsbuild: 
2026/08/07 04:01:00 akmodsbuild: 
2026/08/07 04:01:00 akmodsbuild: %post          -n %{package_kmod_name}
2026/08/07 04:01:00 akmodsbuild: %{_kmodtool_depmod_post}
2026/08/07 04:01:00 akmodsbuild: 
2026/08/07 04:01:00 akmodsbuild: %if %{with rhel_kabi}
2026/08/07 04:01:00 akmodsbuild: modules=( $(find /lib/modules/7.1.6-201.fc44.x86_64/extra/linux-ntfs/ -name "*.ko"  -o -name "*.ko.xz") )
2026/08/07 04:01:00 akmodsbuild: printf '%s\n' "${modules[@]}" | %{?_prefix_usr}/sbin/weak-modules --add-modules
2026/08/07 04:01:00 akmodsbuild: %endif
2026/08/07 04:01:00 akmodsbuild: 
2026/08/07 04:01:00 akmodsbuild: %if %{with rhel_kabi}
2026/08/07 04:01:00 akmodsbuild: %preun         -n %{package_kmod_name}
2026/08/07 04:01:00 akmodsbuild: rpm -ql %{package_kmod_name}-%{version}-%{release}.x86_64 | grep -e '\.ko$' -e '\.ko.xz$' > /var/run/rpm-%{package_kmod_name}-modules
2026/08/07 04:01:00 akmodsbuild: %endif
2026/08/07 04:01:00 akmodsbuild: 
2026/08/07 04:01:00 akmodsbuild: %postun        -n %{package_kmod_name}
2026/08/07 04:01:00 akmodsbuild: %{_kmodtool_depmod_post}
2026/08/07 04:01:00 akmodsbuild: 
2026/08/07 04:01:00 akmodsbuild: %if %{with rhel_kabi}
2026/08/07 04:01:00 akmodsbuild: modules=( $(cat /var/run/rpm-%{package_kmod_name}-modules) )
2026/08/07 04:01:00 akmodsbuild: rm -f /var/run/rpm-%{package_kmod_name}-modules
2026/08/07 04:01:00 akmodsbuild: printf '%s\n' "${modules[@]}" | %{?_prefix_usr}/sbin/weak-modules --remove-modules
2026/08/07 04:01:00 akmodsbuild: %endif
2026/08/07 04:01:00 akmodsbuild: 
2026/08/07 04:01:00 akmodsbuild: %description   -n %{package_kmod_name}
2026/08/07 04:01:00 akmodsbuild: This package provides the linux-ntfs kernel modules built for the Linux
2026/08/07 04:01:00 akmodsbuild: kernel %{kmod_for_kernel} for the %{_target_cpu} family of processors.
2026/08/07 04:01:00 akmodsbuild: %files         -n %{package_kmod_name}
2026/08/07 04:01:00 akmodsbuild: %defattr(644,root,root,755)
2026/08/07 04:01:00 akmodsbuild: %dir /lib/modules/7.1.6-201.fc44.x86_64/extra
2026/08/07 04:01:00 akmodsbuild: /lib/modules/7.1.6-201.fc44.x86_64/extra/linux-ntfs/
2026/08/07 04:01:00 akmodsbuild: 
2026/08/07 04:01:00 akmodsbuild: %global __kmodtool_kernel_uname_r 7.1.6-201.fc44.x86_64
2026/08/07 04:01:00 akmodsbuild: %global __spec_install_post \
2026/08/07 04:01:00 akmodsbuild:   %{?__debug_package:%{__debug_install_post}}\
2026/08/07 04:01:00 akmodsbuild:   %{__arch_install_post}\
2026/08/07 04:01:00 akmodsbuild:   %{__os_install_post}\
2026/08/07 04:01:00 akmodsbuild:   %{?__kmodtool_signmodules:%{__kmodtool_modsign_install_post}}\
2026/08/07 04:01:00 akmodsbuild:   %{?__kmodtool_zipmodules:%{__kmodtool_modzip_install_post}}
2026/08/07 04:01:00 akmodsbuild: 
2026/08/07 04:01:00 akmodsbuild: %global kmodinstdir_prefix  /lib/modules/
2026/08/07 04:01:00 akmodsbuild: %global kmodinstdir_postfix /extra/linux-ntfs/
2026/08/07 04:01:00 akmodsbuild: %global kernel_versions     7.1.6-201.fc44.x86_64___%{_usrsrc}/kernels/7.1.6-201.fc44.x86_64
2026/08/07 04:01:00 akmodsbuild: 
2026/08/07 04:01:00 akmodsbuild: + cd /tmp/akmodsbuild.25M4OJZl/BUILD/linux-ntfs-kmod-20260722-build
2026/08/07 04:01:00 akmodsbuild: + rm -rf linux-ntfs
2026/08/07 04:01:00 akmodsbuild: + /usr/lib/rpm/rpmuncompress -x /tmp/akmodsbuild.25M4OJZl/SOURCES/linux-ntfs-20260722.tar.gz
2026/08/07 04:01:00 akmodsbuild: + STATUS=0
2026/08/07 04:01:00 akmodsbuild: + '[' 0 -ne 0 ']'
2026/08/07 04:01:00 akmodsbuild: + cd linux-ntfs
2026/08/07 04:01:00 akmodsbuild: + /usr/bin/chmod -Rf a+rX,u+w,g-w,o-w .
2026/08/07 04:01:00 akmodsbuild: + for kernel_version in 7.1.6-201.fc44.x86_64___/usr/src/kernels/7.1.6-201.fc44.x86_64
2026/08/07 04:01:00 akmodsbuild: + mkdir ../_kmod_build_7.1.6-201.fc44.x86_64
2026/08/07 04:01:00 akmodsbuild: + cp -a Kconfig Makefile README.md aops.c aops.h attrib.c attrib.h attrlist.c attrlist.h bdev-io.c bitmap.c bitmap.h collate.c collate.h compress.c debug.c debug.h dir.c dir.h ea.c ea.h file.c index.c index.h inode.c inode.h iomap.c iomap.h layout.h lcnalloc.c lcnalloc.h logfile.c logfile.h mft.c mft.h mst.c namei.c ntfs.h object_id.c object_id.h reparse.c reparse.h runlist.c runlist.h super.c sysctl.c sysctl.h time.h uapi_ntfs.h unistr.c upcase.c volume.h ../_kmod_build_7.1.6-201.fc44.x86_64/
2026/08/07 04:01:00 akmodsbuild: + RPM_EC=0
2026/08/07 04:01:00 akmodsbuild: ++ jobs -p
2026/08/07 04:01:00 akmodsbuild: + exit 0
2026/08/07 04:01:00 akmodsbuild: Exécution_de(%build) : /bin/sh -e /var/tmp/rpm-tmp.p7Nq6g
2026/08/07 04:01:00 akmodsbuild: + umask 022
2026/08/07 04:01:00 akmodsbuild: + cd /tmp/akmodsbuild.25M4OJZl//BUILD/linux-ntfs-kmod-20260722-build
2026/08/07 04:01:00 akmodsbuild: + CFLAGS='-O2 -flto=auto -ffat-lto-objects -fexceptions -g -grecord-gcc-switches -pipe -Wall -Werror=format-security -Wp,-U_FORTIFY_SOURCE,-D_FORTIFY_SOURCE=3 -Wp,-D_GLIBCXX_ASSERTIONS -specs=/usr/lib/rpm/redhat/redhat-hardened-cc1 -fstack-protector-strong -specs=/usr/lib/rpm/redhat/redhat-annobin-cc1  -m64 -march=x86-64 -mtune=generic -fasynchronous-unwind-tables -fstack-clash-protection -fcf-protection -mtls-dialect=gnu2 -fno-omit-frame-pointer -mno-omit-leaf-frame-pointer  '
2026/08/07 04:01:00 akmodsbuild: + export CFLAGS
2026/08/07 04:01:00 akmodsbuild: + CXXFLAGS='-O2 -flto=auto -ffat-lto-objects -fexceptions -g -grecord-gcc-switches -pipe -Wall -Werror=format-security -Wp,-U_FORTIFY_SOURCE,-D_FORTIFY_SOURCE=3 -Wp,-D_GLIBCXX_ASSERTIONS -specs=/usr/lib/rpm/redhat/redhat-hardened-cc1 -fstack-protector-strong -specs=/usr/lib/rpm/redhat/redhat-annobin-cc1  -m64 -march=x86-64 -mtune=generic -fasynchronous-unwind-tables -fstack-clash-protection -fcf-protection -mtls-dialect=gnu2 -fno-omit-frame-pointer -mno-omit-leaf-frame-pointer  '
2026/08/07 04:01:00 akmodsbuild: + export CXXFLAGS
2026/08/07 04:01:00 akmodsbuild: + FFLAGS='-O2 -flto=auto -ffat-lto-objects -fexceptions -g -grecord-gcc-switches -pipe -Wall -Wp,-U_FORTIFY_SOURCE,-D_FORTIFY_SOURCE=3 -Wp,-D_GLIBCXX_ASSERTIONS -specs=/usr/lib/rpm/redhat/redhat-hardened-cc1 -fstack-protector-strong -specs=/usr/lib/rpm/redhat/redhat-annobin-cc1  -m64 -march=x86-64 -mtune=generic -fasynchronous-unwind-tables -fstack-clash-protection -fcf-protection -mtls-dialect=gnu2 -fno-omit-frame-pointer -mno-omit-leaf-frame-pointer -I/usr/lib64/gfortran/modules  '
2026/08/07 04:01:00 akmodsbuild: + export FFLAGS
2026/08/07 04:01:00 akmodsbuild: + FCFLAGS='-O2 -flto=auto -ffat-lto-objects -fexceptions -g -grecord-gcc-switches -pipe -Wall -Wp,-U_FORTIFY_SOURCE,-D_FORTIFY_SOURCE=3 -Wp,-D_GLIBCXX_ASSERTIONS -specs=/usr/lib/rpm/redhat/redhat-hardened-cc1 -fstack-protector-strong -specs=/usr/lib/rpm/redhat/redhat-annobin-cc1  -m64 -march=x86-64 -mtune=generic -fasynchronous-unwind-tables -fstack-clash-protection -fcf-protection -mtls-dialect=gnu2 -fno-omit-frame-pointer -mno-omit-leaf-frame-pointer -I/usr/lib64/gfortran/modules  '
2026/08/07 04:01:00 akmodsbuild: + export FCFLAGS
2026/08/07 04:01:00 akmodsbuild: + VALAFLAGS=-g
2026/08/07 04:01:00 akmodsbuild: + export VALAFLAGS
2026/08/07 04:01:00 akmodsbuild: + RUSTFLAGS='-Copt-level=3 -Cdebuginfo=2 -Ccodegen-units=1 -Cstrip=none -Cforce-frame-pointers=yes -Clink-arg=-specs=/usr/lib/rpm/redhat/redhat-package-notes --cap-lints=warn'
2026/08/07 04:01:00 akmodsbuild: + export RUSTFLAGS
2026/08/07 04:01:00 akmodsbuild: + LDFLAGS='-Wl,-z,relro -Wl,--as-needed  -Wl,-z,pack-relative-relocs -Wl,-z,now -specs=/usr/lib/rpm/redhat/redhat-hardened-ld -specs=/usr/lib/rpm/redhat/redhat-hardened-ld-errors -specs=/usr/lib/rpm/redhat/redhat-annobin-cc1  -Wl,--build-id=sha1 -specs=/usr/lib/rpm/redhat/redhat-package-notes  '
2026/08/07 04:01:00 akmodsbuild: + export LDFLAGS
2026/08/07 04:01:00 akmodsbuild: + LT_SYS_LIBRARY_PATH=/usr/lib64:
2026/08/07 04:01:00 akmodsbuild: + export LT_SYS_LIBRARY_PATH
2026/08/07 04:01:00 akmodsbuild: + CC=gcc
2026/08/07 04:01:00 akmodsbuild: + export CC
2026/08/07 04:01:00 akmodsbuild: + CXX=g++
2026/08/07 04:01:00 akmodsbuild: + export CXX
2026/08/07 04:01:00 akmodsbuild: + cd linux-ntfs
2026/08/07 04:01:00 akmodsbuild: + for kernel_version in 7.1.6-201.fc44.x86_64___/usr/src/kernels/7.1.6-201.fc44.x86_64
2026/08/07 04:01:00 akmodsbuild: + make V=1 -j16 CONFIG_NTFS_FS=m -C /usr/src/kernels/7.1.6-201.fc44.x86_64 M=/tmp/akmodsbuild.25M4OJZl/BUILD/linux-ntfs-kmod-20260722-build/linux-ntfs/../_kmod_build_7.1.6-201.fc44.x86_64 modules
2026/08/07 04:01:00 akmodsbuild: make: Entering directory '/usr/src/kernels/7.1.6-201.fc44.x86_64'
2026/08/07 04:01:00 akmodsbuild: make  -C /tmp/akmodsbuild.25M4OJZl/BUILD/linux-ntfs-kmod-20260722-build/_kmod_build_7.1.6-201.fc44.x86_64 \
2026/08/07 04:01:00 akmodsbuild: -f /usr/src/kernels/7.1.6-201.fc44.x86_64/Makefile modules
2026/08/07 04:01:00 akmodsbuild: make[1]: Entering directory '/tmp/akmodsbuild.25M4OJZl/BUILD/linux-ntfs-kmod-20260722-build/_kmod_build_7.1.6-201.fc44.x86_64'
2026/08/07 04:01:00 akmodsbuild: make --no-print-directory -C /tmp/akmodsbuild.25M4OJZl/BUILD/linux-ntfs-kmod-20260722-build/_kmod_build_7.1.6-201.fc44.x86_64 \
2026/08/07 04:01:00 akmodsbuild: -f /usr/src/kernels/7.1.6-201.fc44.x86_64/Makefile modules
2026/08/07 04:01:00 akmodsbuild: make -f /usr/src/kernels/7.1.6-201.fc44.x86_64/scripts/Makefile.build obj=. need-builtin=1 need-modorder=1 
2026/08/07 04:01:00 akmodsbuild: # cmd_mod ntfs.mod
2026/08/07 04:01:00 akmodsbuild:   printf '%s\n'   aops.o attrib.o collate.o dir.o file.o index.o inode.o mft.o mst.o namei.o runlist.o super.o unistr.o attrlist.o ea.o upcase.o bitmap.o lcnalloc.o logfile.o reparse.o compress.o iomap.o debug.o sysctl.o object_id.o bdev-io.o | awk '!x[$0]++ { print("./"$0) }' > ntfs.mod
2026/08/07 04:01:00 akmodsbuild: # CC [M]  aops.o
2026/08/07 04:01:00 akmodsbuild:   gcc -Wp,-MMD,./.aops.o.d -nostdinc -I/usr/src/kernels/7.1.6-201.fc44.x86_64/arch/x86/include -I/usr/src/kernels/7.1.6-201.fc44.x86_64/arch/x86/include/generated -I/usr/src/kernels/7.1.6-201.fc44.x86_64/include -I/usr/src/kernels/7.1.6-201.fc44.x86_64/include -I/usr/src/kernels/7.1.6-201.fc44.x86_64/arch/x86/include/uapi -I/usr/src/kernels/7.1.6-201.fc44.x86_64/arch/x86/include/generated/uapi -I/usr/src/kernels/7.1.6-201.fc44.x86_64/include/uapi -I/usr/src/kernels/7.1.6-201.fc44.x86_64/include/generated/uapi -include /usr/src/kernels/7.1.6-201.fc44.x86_64/include/linux/compiler-version.h -include /usr/src/kernels/7.1.6-201.fc44.x86_64/include/linux/kconfig.h -include /usr/src/kernels/7.1.6-201.fc44.x86_64/include/linux/compiler_types.h -D__KERNEL__ -fshort-wchar -funsigned-char -fno-common -fno-PIE -fno-strict-aliasing -std=gnu11 -fms-extensions -mno-sse -mno-mmx -mno-sse2 -mno-3dnow -mno-avx -mno-sse4a -fcf-protection=branch -fno-jump-tables -m64 -falign-jumps=1 -falign-loops=1 -mno-80387 -mno-fp-ret-in-387 -mpreferred-stack-boundary=3 -mskip-rax-setup -march=x86-64 -mtune=generic -mno-red-zone -mcmodel=kernel -mstack-protector-guard-reg=gs -mstack-protector-guard-symbol=__ref_stack_chk_guard -Wno-sign-compare -fno-asynchronous-unwind-tables -mindirect-branch=thunk-extern -mindirect-branch-register -mindirect-branch-cs-prefix -mfunction-return=thunk-extern -fno-jump-tables -mharden-sls=all -fpatchable-function-entry=16,16 -fno-delete-null-pointer-checks -O2 -fno-allow-store-data-races -fstack-protector-strong -ftrivial-auto-var-init=zero -fzero-init-padding-bits=all -fno-stack-clash-protection -fdiagnostics-show-context=2 -pg -mrecord-mcount -mfentry -DCC_USING_FENTRY -fno-inline-functions-called-once -fmin-function-alignment=16 -fstrict-flex-arrays=3 -fno-strict-overflow -fno-stack-check -fconserve-stack -fno-builtin-wcslen -Wall -Wextra -Wundef -Werror=implicit-function-declaration -Werror=implicit-int -Werror=return-type -Werror=strict-prototypes -Wno-format-security -Wno-trigraphs -Wno-frame-address -Wno-address-of-packed-member -Wmissing-declarations -Wmissing-prototypes -Wframe-larger-than=2048 -Wno-main -Wno-type-limits -Wno-dangling-pointer -Wvla-larger-than=1 -Wno-pointer-sign -Wcast-function-type -Wno-unterminated-string-initialization -Wno-array-bounds -Wno-stringop-overflow -Wno-alloc-size-larger-than -Wimplicit-fallthrough=5 -Werror=date-time -Werror=incompatible-pointer-types -Werror=designated-init -Wenum-conversion -Wunused -Wno-unused-but-set-variable -Wno-unused-const-variable -Wno-packed-not-aligned -Wno-format-overflow -Wno-format-truncation -Wno-stringop-truncation -Wno-override-init -Wno-missing-field-initializers -Wno-shift-negative-value -Wno-maybe-uninitialized -Wno-sign-compare -Wno-unused-parameter -g -DCONFIG_NTFS_FS_POSIX_ACL=1  -fsanitize=bounds-strict -fsanitize=shift    -DMODULE  -DKBUILD_BASENAME='"aops"' -DKBUILD_MODNAME='"ntfs"' -D__KBUILD_MODNAME=ntfs -c -o aops.o aops.c  
2026/08/07 04:01:00 akmodsbuild: # CC [M]  attrib.o
2026/08/07 04:01:00 akmodsbuild: # CC [M]  collate.o
2026/08/07 04:01:00 akmodsbuild:   gcc -Wp,-MMD,./.attrib.o.d -nostdinc -I/usr/src/kernels/7.1.6-201.fc44.x86_64/arch/x86/include -I/usr/src/kernels/7.1.6-201.fc44.x86_64/arch/x86/include/generated -I/usr/src/kernels/7.1.6-201.fc44.x86_64/include -I/usr/src/kernels/7.1.6-201.fc44.x86_64/include -I/usr/src/kernels/7.1.6-201.fc44.x86_64/arch/x86/include/uapi -I/usr/src/kernels/7.1.6-201.fc44.x86_64/arch/x86/include/generated/uapi -I/usr/src/kernels/7.1.6-201.fc44.x86_64/include/uapi -I/usr/src/kernels/7.1.6-201.fc44.x86_64/include/generated/uapi -include /usr/src/kernels/7.1.6-201.fc44.x86_64/include/linux/compiler-version.h -include /usr/src/kernels/7.1.6-201.fc44.x86_64/include/linux/kconfig.h -include /usr/src/kernels/7.1.6-201.fc44.x86_64/include/linux/compiler_types.h -D__KERNEL__ -fshort-wchar -funsigned-char -fno-common -fno-PIE -fno-strict-aliasing -std=gnu11 -fms-extensions -mno-sse -mno-mmx -mno-sse2 -mno-3dnow -mno-avx -mno-sse4a -fcf-protection=branch -fno-jump-tables -m64 -falign-jumps=1 -falign-loops=1 -mno-80387 -mno-fp-ret-in-387 -mpreferred-stack-boundary=3 -mskip-rax-setup -march=x86-64 -mtune=generic -mno-red-zone -mcmodel=kernel -mstack-protector-guard-reg=gs -mstack-protector-guard-symbol=__ref_stack_chk_guard -Wno-sign-compare -fno-asynchronous-unwind-tables -mindirect-branch=thunk-extern -mindirect-branch-register -mindirect-branch-cs-prefix -mfunction-return=thunk-extern -fno-jump-tables -mharden-sls=all -fpatchable-function-entry=16,16 -fno-delete-null-pointer-checks -O2 -fno-allow-store-data-races -fstack-protector-strong -ftrivial-auto-var-init=zero -fzero-init-padding-bits=all -fno-stack-clash-protection -fdiagnostics-show-context=2 -pg -mrecord-mcount -mfentry -DCC_USING_FENTRY -fno-inline-functions-called-once -fmin-function-alignment=16 -fstrict-flex-arrays=3 -fno-strict-overflow -fno-stack-check -fconserve-stack -fno-builtin-wcslen -Wall -Wextra -Wundef -Werror=implicit-function-declaration -Werror=implicit-int -Werror=return-type -Werror=strict-prototypes -Wno-format-security -Wno-trigraphs -Wno-frame-address -Wno-address-of-packed-member -Wmissing-declarations -Wmissing-prototypes -Wframe-larger-than=2048 -Wno-main -Wno-type-limits -Wno-dangling-pointer -Wvla-larger-than=1 -Wno-pointer-sign -Wcast-function-type -Wno-unterminated-string-initialization -Wno-array-bounds -Wno-stringop-overflow -Wno-alloc-size-larger-than -Wimplicit-fallthrough=5 -Werror=date-time -Werror=incompatible-pointer-types -Werror=designated-init -Wenum-conversion -Wunused -Wno-unused-but-set-variable -Wno-unused-const-variable -Wno-packed-not-aligned -Wno-format-overflow -Wno-format-truncation -Wno-stringop-truncation -Wno-override-init -Wno-missing-field-initializers -Wno-shift-negative-value -Wno-maybe-uninitialized -Wno-sign-compare -Wno-unused-parameter -g -DCONFIG_NTFS_FS_POSIX_ACL=1  -fsanitize=bounds-strict -fsanitize=shift    -DMODULE  -DKBUILD_BASENAME='"attrib"' -DKBUILD_MODNAME='"ntfs"' -D__KBUILD_MODNAME=ntfs -c -o attrib.o attrib.c  
2026/08/07 04:01:00 akmodsbuild:   gcc -Wp,-MMD,./.collate.o.d -nostdinc -I/usr/src/kernels/7.1.6-201.fc44.x86_64/arch/x86/include -I/usr/src/kernels/7.1.6-201.fc44.x86_64/arch/x86/include/generated -I/usr/src/kernels/7.1.6-201.fc44.x86_64/include -I/usr/src/kernels/7.1.6-201.fc44.x86_64/include -I/usr/src/kernels/7.1.6-201.fc44.x86_64/arch/x86/include/uapi -I/usr/src/kernels/7.1.6-201.fc44.x86_64/arch/x86/include/generated/uapi -I/usr/src/kernels/7.1.6-201.fc44.x86_64/include/uapi -I/usr/src/kernels/7.1.6-201.fc44.x86_64/include/generated/uapi -include /usr/src/kernels/7.1.6-201.fc44.x86_64/include/linux/compiler-version.h -include /usr/src/kernels/7.1.6-201.fc44.x86_64/include/linux/kconfig.h -include /usr/src/kernels/7.1.6-201.fc44.x86_64/include/linux/compiler_types.h -D__KERNEL__ -fshort-wchar -funsigned-char -fno-common -fno-PIE -fno-strict-aliasing -std=gnu11 -fms-extensions -mno-sse -mno-mmx -mno-sse2 -mno-3dnow -mno-avx -mno-sse4a -fcf-protection=branch -fno-jump-tables -m64 -falign-jumps=1 -falign-loops=1 -mno-80387 -mno-fp-ret-in-387 -mpreferred-stack-boundary=3 -mskip-rax-setup -march=x86-64 -mtune=generic -mno-red-zone -mcmodel=kernel -mstack-protector-guard-reg=gs -mstack-protector-guard-symbol=__ref_stack_chk_guard -Wno-sign-compare -fno-asynchronous-unwind-tables -mindirect-branch=thunk-extern -mindirect-branch-register -mindirect-branch-cs-prefix -mfunction-return=thunk-extern -fno-jump-tables -mharden-sls=all -fpatchable-function-entry=16,16 -fno-delete-null-pointer-checks -O2 -fno-allow-store-data-races -fstack-protector-strong -ftrivial-auto-var-init=zero -fzero-init-padding-bits=all -fno-stack-clash-protection -fdiagnostics-show-context=2 -pg -mrecord-mcount -mfentry -DCC_USING_FENTRY -fno-inline-functions-called-once -fmin-function-alignment=16 -fstrict-flex-arrays=3 -fno-strict-overflow -fno-stack-check -fconserve-stack -fno-builtin-wcslen -Wall -Wextra -Wundef -Werror=implicit-function-declaration -Werror=implicit-int -Werror=return-type -Werror=strict-prototypes -Wno-format-security -Wno-trigraphs -Wno-frame-address -Wno-address-of-packed-member -Wmissing-declarations -Wmissing-prototypes -Wframe-larger-than=2048 -Wno-main -Wno-type-limits -Wno-dangling-pointer -Wvla-larger-than=1 -Wno-pointer-sign -Wcast-function-type -Wno-unterminated-string-initialization -Wno-array-bounds -Wno-stringop-overflow -Wno-alloc-size-larger-than -Wimplicit-fallthrough=5 -Werror=date-time -Werror=incompatible-pointer-types -Werror=designated-init -Wenum-conversion -Wunused -Wno-unused-but-set-variable -Wno-unused-const-variable -Wno-packed-not-aligned -Wno-format-overflow -Wno-format-truncation -Wno-stringop-truncation -Wno-override-init -Wno-missing-field-initializers -Wno-shift-negative-value -Wno-maybe-uninitialized -Wno-sign-compare -Wno-unused-parameter -g -DCONFIG_NTFS_FS_POSIX_ACL=1  -fsanitize=bounds-strict -fsanitize=shift    -DMODULE  -DKBUILD_BASENAME='"collate"' -DKBUILD_MODNAME='"ntfs"' -D__KBUILD_MODNAME=ntfs -c -o collate.o collate.c  
2026/08/07 04:01:00 akmodsbuild: # CC [M]  dir.o
2026/08/07 04:01:00 akmodsbuild:   gcc -Wp,-MMD,./.dir.o.d -nostdinc -I/usr/src/kernels/7.1.6-201.fc44.x86_64/arch/x86/include -I/usr/src/kernels/7.1.6-201.fc44.x86_64/arch/x86/include/generated -I/usr/src/kernels/7.1.6-201.fc44.x86_64/include -I/usr/src/kernels/7.1.6-201.fc44.x86_64/include -I/usr/src/kernels/7.1.6-201.fc44.x86_64/arch/x86/include/uapi -I/usr/src/kernels/7.1.6-201.fc44.x86_64/arch/x86/include/generated/uapi -I/usr/src/kernels/7.1.6-201.fc44.x86_64/include/uapi -I/usr/src/kernels/7.1.6-201.fc44.x86_64/include/generated/uapi -include /usr/src/kernels/7.1.6-201.fc44.x86_64/include/linux/compiler-version.h -include /usr/src/kernels/7.1.6-201.fc44.x86_64/include/linux/kconfig.h -include /usr/src/kernels/7.1.6-201.fc44.x86_64/include/linux/compiler_types.h -D__KERNEL__ -fshort-wchar -funsigned-char -fno-common -fno-PIE -fno-strict-aliasing -std=gnu11 -fms-extensions -mno-sse -mno-mmx -mno-sse2 -mno-3dnow -mno-avx -mno-sse4a -fcf-protection=branch -fno-jump-tables -m64 -falign-jumps=1 -falign-loops=1 -mno-80387 -mno-fp-ret-in-387 -mpreferred-stack-boundary=3 -mskip-rax-setup -march=x86-64 -mtune=generic -mno-red-zone -mcmodel=kernel -mstack-protector-guard-reg=gs -mstack-protector-guard-symbol=__ref_stack_chk_guard -Wno-sign-compare -fno-asynchronous-unwind-tables -mindirect-branch=thunk-extern -mindirect-branch-register -mindirect-branch-cs-prefix -mfunction-return=thunk-extern -fno-jump-tables -mharden-sls=all -fpatchable-function-entry=16,16 -fno-delete-null-pointer-checks -O2 -fno-allow-store-data-races -fstack-protector-strong -ftrivial-auto-var-init=zero -fzero-init-padding-bits=all -fno-stack-clash-protection -fdiagnostics-show-context=2 -pg -mrecord-mcount -mfentry -DCC_USING_FENTRY -fno-inline-functions-called-once -fmin-function-alignment=16 -fstrict-flex-arrays=3 -fno-strict-overflow -fno-stack-check -fconserve-stack -fno-builtin-wcslen -Wall -Wextra -Wundef -Werror=implicit-function-declaration -Werror=implicit-int -Werror=return-type -Werror=strict-prototypes -Wno-format-security -Wno-trigraphs -Wno-frame-address -Wno-address-of-packed-member -Wmissing-declarations -Wmissing-prototypes -Wframe-larger-than=2048 -Wno-main -Wno-type-limits -Wno-dangling-pointer -Wvla-larger-than=1 -Wno-pointer-sign -Wcast-function-type -Wno-unterminated-string-initialization -Wno-array-bounds -Wno-stringop-overflow -Wno-alloc-size-larger-than -Wimplicit-fallthrough=5 -Werror=date-time -Werror=incompatible-pointer-types -Werror=designated-init -Wenum-conversion -Wunused -Wno-unused-but-set-variable -Wno-unused-const-variable -Wno-packed-not-aligned -Wno-format-overflow -Wno-format-truncation -Wno-stringop-truncation -Wno-override-init -Wno-missing-field-initializers -Wno-shift-negative-value -Wno-maybe-uninitialized -Wno-sign-compare -Wno-unused-parameter -g -DCONFIG_NTFS_FS_POSIX_ACL=1  -fsanitize=bounds-strict -fsanitize=shift    -DMODULE  -DKBUILD_BASENAME='"dir"' -DKBUILD_MODNAME='"ntfs"' -D__KBUILD_MODNAME=ntfs -c -o dir.o dir.c  
2026/08/07 04:01:00 akmodsbuild: # CC [M]  file.o
2026/08/07 04:01:00 akmodsbuild:   gcc -Wp,-MMD,./.file.o.d -nostdinc -I/usr/src/kernels/7.1.6-201.fc44.x86_64/arch/x86/include -I/usr/src/kernels/7.1.6-201.fc44.x86_64/arch/x86/include/generated -I/usr/src/kernels/7.1.6-201.fc44.x86_64/include -I/usr/src/kernels/7.1.6-201.fc44.x86_64/include -I/usr/src/kernels/7.1.6-201.fc44.x86_64/arch/x86/include/uapi -I/usr/src/kernels/7.1.6-201.fc44.x86_64/arch/x86/include/generated/uapi -I/usr/src/kernels/7.1.6-201.fc44.x86_64/include/uapi -I/usr/src/kernels/7.1.6-201.fc44.x86_64/include/generated/uapi -include /usr/src/kernels/7.1.6-201.fc44.x86_64/include/linux/compiler-version.h -include /usr/src/kernels/7.1.6-201.fc44.x86_64/include/linux/kconfig.h -include /usr/src/kernels/7.1.6-201.fc44.x86_64/include/linux/compiler_types.h -D__KERNEL__ -fshort-wchar -funsigned-char -fno-common -fno-PIE -fno-strict-aliasing -std=gnu11 -fms-extensions -mno-sse -mno-mmx -mno-sse2 -mno-3dnow -mno-avx -mno-sse4a -fcf-protection=branch -fno-jump-tables -m64 -falign-jumps=1 -falign-loops=1 -mno-80387 -mno-fp-ret-in-387 -mpreferred-stack-boundary=3 -mskip-rax-setup -march=x86-64 -mtune=generic -mno-red-zone -mcmodel=kernel -mstack-protector-guard-reg=gs -mstack-protector-guard-symbol=__ref_stack_chk_guard -Wno-sign-compare -fno-asynchronous-unwind-tables -mindirect-branch=thunk-extern -mindirect-branch-register -mindirect-branch-cs-prefix -mfunction-return=thunk-extern -fno-jump-tables -mharden-sls=all -fpatchable-function-entry=16,16 -fno-delete-null-pointer-checks -O2 -fno-allow-store-data-races -fstack-protector-strong -ftrivial-auto-var-init=zero -fzero-init-padding-bits=all -fno-stack-clash-protection -fdiagnostics-show-context=2 -pg -mrecord-mcount -mfentry -DCC_USING_FENTRY -fno-inline-functions-called-once -fmin-function-alignment=16 -fstrict-flex-arrays=3 -fno-strict-overflow -fno-stack-check -fconserve-stack -fno-builtin-wcslen -Wall -Wextra -Wundef -Werror=implicit-function-declaration -Werror=implicit-int -Werror=return-type -Werror=strict-prototypes -Wno-format-security -Wno-trigraphs -Wno-frame-address -Wno-address-of-packed-member -Wmissing-declarations -Wmissing-prototypes -Wframe-larger-than=2048 -Wno-main -Wno-type-limits -Wno-dangling-pointer -Wvla-larger-than=1 -Wno-pointer-sign -Wcast-function-type -Wno-unterminated-string-initialization -Wno-array-bounds -Wno-stringop-overflow -Wno-alloc-size-larger-than -Wimplicit-fallthrough=5 -Werror=date-time -Werror=incompatible-pointer-types -Werror=designated-init -Wenum-conversion -Wunused -Wno-unused-but-set-variable -Wno-unused-const-variable -Wno-packed-not-aligned -Wno-format-overflow -Wno-format-truncation -Wno-stringop-truncation -Wno-override-init -Wno-missing-field-initializers -Wno-shift-negative-value -Wno-maybe-uninitialized -Wno-sign-compare -Wno-unused-parameter -g -DCONFIG_NTFS_FS_POSIX_ACL=1  -fsanitize=bounds-strict -fsanitize=shift    -DMODULE  -DKBUILD_BASENAME='"file"' -DKBUILD_MODNAME='"ntfs"' -D__KBUILD_MODNAME=ntfs -c -o file.o file.c  
2026/08/07 04:01:00 akmodsbuild: # CC [M]  index.o
2026/08/07 04:01:00 akmodsbuild:   gcc -Wp,-MMD,./.index.o.d -nostdinc -I/usr/src/kernels/7.1.6-201.fc44.x86_64/arch/x86/include -I/usr/src/kernels/7.1.6-201.fc44.x86_64/arch/x86/include/generated -I/usr/src/kernels/7.1.6-201.fc44.x86_64/include -I/usr/src/kernels/7.1.6-201.fc44.x86_64/include -I/usr/src/kernels/7.1.6-201.fc44.x86_64/arch/x86/include/uapi -I/usr/src/kernels/7.1.6-201.fc44.x86_64/arch/x86/include/generated/uapi -I/usr/src/kernels/7.1.6-201.fc44.x86_64/include/uapi -I/usr/src/kernels/7.1.6-201.fc44.x86_64/include/generated/uapi -include /usr/src/kernels/7.1.6-201.fc44.x86_64/include/linux/compiler-version.h -include /usr/src/kernels/7.1.6-201.fc44.x86_64/include/linux/kconfig.h -include /usr/src/kernels/7.1.6-201.fc44.x86_64/include/linux/compiler_types.h -D__KERNEL__ -fshort-wchar -funsigned-char -fno-common -fno-PIE -fno-strict-aliasing -std=gnu11 -fms-extensions -mno-sse -mno-mmx -mno-sse2 -mno-3dnow -mno-avx -mno-sse4a -fcf-protection=branch -fno-jump-tables -m64 -falign-jumps=1 -falign-loops=1 -mno-80387 -mno-fp-ret-in-387 -mpreferred-stack-boundary=3 -mskip-rax-setup -march=x86-64 -mtune=generic -mno-red-zone -mcmodel=kernel -mstack-protector-guard-reg=gs -mstack-protector-guard-symbol=__ref_stack_chk_guard -Wno-sign-compare -fno-asynchronous-unwind-tables -mindirect-branch=thunk-extern -mindirect-branch-register -mindirect-branch-cs-prefix -mfunction-return=thunk-extern -fno-jump-tables -mharden-sls=all -fpatchable-function-entry=16,16 -fno-delete-null-pointer-checks -O2 -fno-allow-store-data-races -fstack-protector-strong -ftrivial-auto-var-init=zero -fzero-init-padding-bits=all -fno-stack-clash-protection -fdiagnostics-show-context=2 -pg -mrecord-mcount -mfentry -DCC_USING_FENTRY -fno-inline-functions-called-once -fmin-function-alignment=16 -fstrict-flex-arrays=3 -fno-strict-overflow -fno-stack-check -fconserve-stack -fno-builtin-wcslen -Wall -Wextra -Wundef -Werror=implicit-function-declaration -Werror=implicit-int -Werror=return-type -Werror=strict-prototypes -Wno-format-security -Wno-trigraphs -Wno-frame-address -Wno-address-of-packed-member -Wmissing-declarations -Wmissing-prototypes -Wframe-larger-than=2048 -Wno-main -Wno-type-limits -Wno-dangling-pointer -Wvla-larger-than=1 -Wno-pointer-sign -Wcast-function-type -Wno-unterminated-string-initialization -Wno-array-bounds -Wno-stringop-overflow -Wno-alloc-size-larger-than -Wimplicit-fallthrough=5 -Werror=date-time -Werror=incompatible-pointer-types -Werror=designated-init -Wenum-conversion -Wunused -Wno-unused-but-set-variable -Wno-unused-const-variable -Wno-packed-not-aligned -Wno-format-overflow -Wno-format-truncation -Wno-stringop-truncation -Wno-override-init -Wno-missing-field-initializers -Wno-shift-negative-value -Wno-maybe-uninitialized -Wno-sign-compare -Wno-unused-parameter -g -DCONFIG_NTFS_FS_POSIX_ACL=1  -fsanitize=bounds-strict -fsanitize=shift    -DMODULE  -DKBUILD_BASENAME='"index"' -DKBUILD_MODNAME='"ntfs"' -D__KBUILD_MODNAME=ntfs -c -o index.o index.c  
2026/08/07 04:01:00 akmodsbuild: # CC [M]  inode.o
2026/08/07 04:01:00 akmodsbuild:   gcc -Wp,-MMD,./.inode.o.d -nostdinc -I/usr/src/kernels/7.1.6-201.fc44.x86_64/arch/x86/include -I/usr/src/kernels/7.1.6-201.fc44.x86_64/arch/x86/include/generated -I/usr/src/kernels/7.1.6-201.fc44.x86_64/include -I/usr/src/kernels/7.1.6-201.fc44.x86_64/include -I/usr/src/kernels/7.1.6-201.fc44.x86_64/arch/x86/include/uapi -I/usr/src/kernels/7.1.6-201.fc44.x86_64/arch/x86/include/generated/uapi -I/usr/src/kernels/7.1.6-201.fc44.x86_64/include/uapi -I/usr/src/kernels/7.1.6-201.fc44.x86_64/include/generated/uapi -include /usr/src/kernels/7.1.6-201.fc44.x86_64/include/linux/compiler-version.h -include /usr/src/kernels/7.1.6-201.fc44.x86_64/include/linux/kconfig.h -include /usr/src/kernels/7.1.6-201.fc44.x86_64/include/linux/compiler_types.h -D__KERNEL__ -fshort-wchar -funsigned-char -fno-common -fno-PIE -fno-strict-aliasing -std=gnu11 -fms-extensions -mno-sse -mno-mmx -mno-sse2 -mno-3dnow -mno-avx -mno-sse4a -fcf-protection=branch -fno-jump-tables -m64 -falign-jumps=1 -falign-loops=1 -mno-80387 -mno-fp-ret-in-387 -mpreferred-stack-boundary=3 -mskip-rax-setup -march=x86-64 -mtune=generic -mno-red-zone -mcmodel=kernel -mstack-protector-guard-reg=gs -mstack-protector-guard-symbol=__ref_stack_chk_guard -Wno-sign-compare -fno-asynchronous-unwind-tables -mindirect-branch=thunk-extern -mindirect-branch-register -mindirect-branch-cs-prefix -mfunction-return=thunk-extern -fno-jump-tables -mharden-sls=all -fpatchable-function-entry=16,16 -fno-delete-null-pointer-checks -O2 -fno-allow-store-data-races -fstack-protector-strong -ftrivial-auto-var-init=zero -fzero-init-padding-bits=all -fno-stack-clash-protection -fdiagnostics-show-context=2 -pg -mrecord-mcount -mfentry -DCC_USING_FENTRY -fno-inline-functions-called-once -fmin-function-alignment=16 -fstrict-flex-arrays=3 -fno-strict-overflow -fno-stack-check -fconserve-stack -fno-builtin-wcslen -Wall -Wextra -Wundef -Werror=implicit-function-declaration -Werror=implicit-int -Werror=return-type -Werror=strict-prototypes -Wno-format-security -Wno-trigraphs -Wno-frame-address -Wno-address-of-packed-member -Wmissing-declarations -Wmissing-prototypes -Wframe-larger-than=2048 -Wno-main -Wno-type-limits -Wno-dangling-pointer -Wvla-larger-than=1 -Wno-pointer-sign -Wcast-function-type -Wno-unterminated-string-initialization -Wno-array-bounds -Wno-stringop-overflow -Wno-alloc-size-larger-than -Wimplicit-fallthrough=5 -Werror=date-time -Werror=incompatible-pointer-types -Werror=designated-init -Wenum-conversion -Wunused -Wno-unused-but-set-variable -Wno-unused-const-variable -Wno-packed-not-aligned -Wno-format-overflow -Wno-format-truncation -Wno-stringop-truncation -Wno-override-init -Wno-missing-field-initializers -Wno-shift-negative-value -Wno-maybe-uninitialized -Wno-sign-compare -Wno-unused-parameter -g -DCONFIG_NTFS_FS_POSIX_ACL=1  -fsanitize=bounds-strict -fsanitize=shift    -DMODULE  -DKBUILD_BASENAME='"inode"' -DKBUILD_MODNAME='"ntfs"' -D__KBUILD_MODNAME=ntfs -c -o inode.o inode.c  
2026/08/07 04:01:00 akmodsbuild: # CC [M]  mft.o
2026/08/07 04:01:00 akmodsbuild:   gcc -Wp,-MMD,./.mft.o.d -nostdinc -I/usr/src/kernels/7.1.6-201.fc44.x86_64/arch/x86/include -I/usr/src/kernels/7.1.6-201.fc44.x86_64/arch/x86/include/generated -I/usr/src/kernels/7.1.6-201.fc44.x86_64/include -I/usr/src/kernels/7.1.6-201.fc44.x86_64/include -I/usr/src/kernels/7.1.6-201.fc44.x86_64/arch/x86/include/uapi -I/usr/src/kernels/7.1.6-201.fc44.x86_64/arch/x86/include/generated/uapi -I/usr/src/kernels/7.1.6-201.fc44.x86_64/include/uapi -I/usr/src/kernels/7.1.6-201.fc44.x86_64/include/generated/uapi -include /usr/src/kernels/7.1.6-201.fc44.x86_64/include/linux/compiler-version.h -include /usr/src/kernels/7.1.6-201.fc44.x86_64/include/linux/kconfig.h -include /usr/src/kernels/7.1.6-201.fc44.x86_64/include/linux/compiler_types.h -D__KERNEL__ -fshort-wchar -funsigned-char -fno-common -fno-PIE -fno-strict-aliasing -std=gnu11 -fms-extensions -mno-sse -mno-mmx -mno-sse2 -mno-3dnow -mno-avx -mno-sse4a -fcf-protection=branch -fno-jump-tables -m64 -falign-jumps=1 -falign-loops=1 -mno-80387 -mno-fp-ret-in-387 -mpreferred-stack-boundary=3 -mskip-rax-setup -march=x86-64 -mtune=generic -mno-red-zone -mcmodel=kernel -mstack-protector-guard-reg=gs -mstack-protector-guard-symbol=__ref_stack_chk_guard -Wno-sign-compare -fno-asynchronous-unwind-tables -mindirect-branch=thunk-extern -mindirect-branch-register -mindirect-branch-cs-prefix -mfunction-return=thunk-extern -fno-jump-tables -mharden-sls=all -fpatchable-function-entry=16,16 -fno-delete-null-pointer-checks -O2 -fno-allow-store-data-races -fstack-protector-strong -ftrivial-auto-var-init=zero -fzero-init-padding-bits=all -fno-stack-clash-protection -fdiagnostics-show-context=2 -pg -mrecord-mcount -mfentry -DCC_USING_FENTRY -fno-inline-functions-called-once -fmin-function-alignment=16 -fstrict-flex-arrays=3 -fno-strict-overflow -fno-stack-check -fconserve-stack -fno-builtin-wcslen -Wall -Wextra -Wundef -Werror=implicit-function-declaration -Werror=implicit-int -Werror=return-type -Werror=strict-prototypes -Wno-format-security -Wno-trigraphs -Wno-frame-address -Wno-address-of-packed-member -Wmissing-declarations -Wmissing-prototypes -Wframe-larger-than=2048 -Wno-main -Wno-type-limits -Wno-dangling-pointer -Wvla-larger-than=1 -Wno-pointer-sign -Wcast-function-type -Wno-unterminated-string-initialization -Wno-array-bounds -Wno-stringop-overflow -Wno-alloc-size-larger-than -Wimplicit-fallthrough=5 -Werror=date-time -Werror=incompatible-pointer-types -Werror=designated-init -Wenum-conversion -Wunused -Wno-unused-but-set-variable -Wno-unused-const-variable -Wno-packed-not-aligned -Wno-format-overflow -Wno-format-truncation -Wno-stringop-truncation -Wno-override-init -Wno-missing-field-initializers -Wno-shift-negative-value -Wno-maybe-uninitialized -Wno-sign-compare -Wno-unused-parameter -g -DCONFIG_NTFS_FS_POSIX_ACL=1  -fsanitize=bounds-strict -fsanitize=shift    -DMODULE  -DKBUILD_BASENAME='"mft"' -DKBUILD_MODNAME='"ntfs"' -D__KBUILD_MODNAME=ntfs -c -o mft.o mft.c  
2026/08/07 04:01:00 akmodsbuild: # CC [M]  mst.o
2026/08/07 04:01:00 akmodsbuild:   gcc -Wp,-MMD,./.mst.o.d -nostdinc -I/usr/src/kernels/7.1.6-201.fc44.x86_64/arch/x86/include -I/usr/src/kernels/7.1.6-201.fc44.x86_64/arch/x86/include/generated -I/usr/src/kernels/7.1.6-201.fc44.x86_64/include -I/usr/src/kernels/7.1.6-201.fc44.x86_64/include -I/usr/src/kernels/7.1.6-201.fc44.x86_64/arch/x86/include/uapi -I/usr/src/kernels/7.1.6-201.fc44.x86_64/arch/x86/include/generated/uapi -I/usr/src/kernels/7.1.6-201.fc44.x86_64/include/uapi -I/usr/src/kernels/7.1.6-201.fc44.x86_64/include/generated/uapi -include /usr/src/kernels/7.1.6-201.fc44.x86_64/include/linux/compiler-version.h -include /usr/src/kernels/7.1.6-201.fc44.x86_64/include/linux/kconfig.h -include /usr/src/kernels/7.1.6-201.fc44.x86_64/include/linux/compiler_types.h -D__KERNEL__ -fshort-wchar -funsigned-char -fno-common -fno-PIE -fno-strict-aliasing -std=gnu11 -fms-extensions -mno-sse -mno-mmx -mno-sse2 -mno-3dnow -mno-avx -mno-sse4a -fcf-protection=branch -fno-jump-tables -m64 -falign-jumps=1 -falign-loops=1 -mno-80387 -mno-fp-ret-in-387 -mpreferred-stack-boundary=3 -mskip-rax-setup -march=x86-64 -mtune=generic -mno-red-zone -mcmodel=kernel -mstack-protector-guard-reg=gs -mstack-protector-guard-symbol=__ref_stack_chk_guard -Wno-sign-compare -fno-asynchronous-unwind-tables -mindirect-branch=thunk-extern -mindirect-branch-register -mindirect-branch-cs-prefix -mfunction-return=thunk-extern -fno-jump-tables -mharden-sls=all -fpatchable-function-entry=16,16 -fno-delete-null-pointer-checks -O2 -fno-allow-store-data-races -fstack-protector-strong -ftrivial-auto-var-init=zero -fzero-init-padding-bits=all -fno-stack-clash-protection -fdiagnostics-show-context=2 -pg -mrecord-mcount -mfentry -DCC_USING_FENTRY -fno-inline-functions-called-once -fmin-function-alignment=16 -fstrict-flex-arrays=3 -fno-strict-overflow -fno-stack-check -fconserve-stack -fno-builtin-wcslen -Wall -Wextra -Wundef -Werror=implicit-function-declaration -Werror=implicit-int -Werror=return-type -Werror=strict-prototypes -Wno-format-security -Wno-trigraphs -Wno-frame-address -Wno-address-of-packed-member -Wmissing-declarations -Wmissing-prototypes -Wframe-larger-than=2048 -Wno-main -Wno-type-limits -Wno-dangling-pointer -Wvla-larger-than=1 -Wno-pointer-sign -Wcast-function-type -Wno-unterminated-string-initialization -Wno-array-bounds -Wno-stringop-overflow -Wno-alloc-size-larger-than -Wimplicit-fallthrough=5 -Werror=date-time -Werror=incompatible-pointer-types -Werror=designated-init -Wenum-conversion -Wunused -Wno-unused-but-set-variable -Wno-unused-const-variable -Wno-packed-not-aligned -Wno-format-overflow -Wno-format-truncation -Wno-stringop-truncation -Wno-override-init -Wno-missing-field-initializers -Wno-shift-negative-value -Wno-maybe-uninitialized -Wno-sign-compare -Wno-unused-parameter -g -DCONFIG_NTFS_FS_POSIX_ACL=1  -fsanitize=bounds-strict -fsanitize=shift    -DMODULE  -DKBUILD_BASENAME='"mst"' -DKBUILD_MODNAME='"ntfs"' -D__KBUILD_MODNAME=ntfs -c -o mst.o mst.c  
2026/08/07 04:01:00 akmodsbuild: # CC [M]  namei.o
2026/08/07 04:01:00 akmodsbuild:   gcc -Wp,-MMD,./.namei.o.d -nostdinc -I/usr/src/kernels/7.1.6-201.fc44.x86_64/arch/x86/include -I/usr/src/kernels/7.1.6-201.fc44.x86_64/arch/x86/include/generated -I/usr/src/kernels/7.1.6-201.fc44.x86_64/include -I/usr/src/kernels/7.1.6-201.fc44.x86_64/include -I/usr/src/kernels/7.1.6-201.fc44.x86_64/arch/x86/include/uapi -I/usr/src/kernels/7.1.6-201.fc44.x86_64/arch/x86/include/generated/uapi -I/usr/src/kernels/7.1.6-201.fc44.x86_64/include/uapi -I/usr/src/kernels/7.1.6-201.fc44.x86_64/include/generated/uapi -include /usr/src/kernels/7.1.6-201.fc44.x86_64/include/linux/compiler-version.h -include /usr/src/kernels/7.1.6-201.fc44.x86_64/include/linux/kconfig.h -include /usr/src/kernels/7.1.6-201.fc44.x86_64/include/linux/compiler_types.h -D__KERNEL__ -fshort-wchar -funsigned-char -fno-common -fno-PIE -fno-strict-aliasing -std=gnu11 -fms-extensions -mno-sse -mno-mmx -mno-sse2 -mno-3dnow -mno-avx -mno-sse4a -fcf-protection=branch -fno-jump-tables -m64 -falign-jumps=1 -falign-loops=1 -mno-80387 -mno-fp-ret-in-387 -mpreferred-stack-boundary=3 -mskip-rax-setup -march=x86-64 -mtune=generic -mno-red-zone -mcmodel=kernel -mstack-protector-guard-reg=gs -mstack-protector-guard-symbol=__ref_stack_chk_guard -Wno-sign-compare -fno-asynchronous-unwind-tables -mindirect-branch=thunk-extern -mindirect-branch-register -mindirect-branch-cs-prefix -mfunction-return=thunk-extern -fno-jump-tables -mharden-sls=all -fpatchable-function-entry=16,16 -fno-delete-null-pointer-checks -O2 -fno-allow-store-data-races -fstack-protector-strong -ftrivial-auto-var-init=zero -fzero-init-padding-bits=all -fno-stack-clash-protection -fdiagnostics-show-context=2 -pg -mrecord-mcount -mfentry -DCC_USING_FENTRY -fno-inline-functions-called-once -fmin-function-alignment=16 -fstrict-flex-arrays=3 -fno-strict-overflow -fno-stack-check -fconserve-stack -fno-builtin-wcslen -Wall -Wextra -Wundef -Werror=implicit-function-declaration -Werror=implicit-int -Werror=return-type -Werror=strict-prototypes -Wno-format-security -Wno-trigraphs -Wno-frame-address -Wno-address-of-packed-member -Wmissing-declarations -Wmissing-prototypes -Wframe-larger-than=2048 -Wno-main -Wno-type-limits -Wno-dangling-pointer -Wvla-larger-than=1 -Wno-pointer-sign -Wcast-function-type -Wno-unterminated-string-initialization -Wno-array-bounds -Wno-stringop-overflow -Wno-alloc-size-larger-than -Wimplicit-fallthrough=5 -Werror=date-time -Werror=incompatible-pointer-types -Werror=designated-init -Wenum-conversion -Wunused -Wno-unused-but-set-variable -Wno-unused-const-variable -Wno-packed-not-aligned -Wno-format-overflow -Wno-format-truncation -Wno-stringop-truncation -Wno-override-init -Wno-missing-field-initializers -Wno-shift-negative-value -Wno-maybe-uninitialized -Wno-sign-compare -Wno-unused-parameter -g -DCONFIG_NTFS_FS_POSIX_ACL=1  -fsanitize=bounds-strict -fsanitize=shift    -DMODULE  -DKBUILD_BASENAME='"namei"' -DKBUILD_MODNAME='"ntfs"' -D__KBUILD_MODNAME=ntfs -c -o namei.o namei.c  
2026/08/07 04:01:00 akmodsbuild: # CC [M]  runlist.o
2026/08/07 04:01:00 akmodsbuild:   gcc -Wp,-MMD,./.runlist.o.d -nostdinc -I/usr/src/kernels/7.1.6-201.fc44.x86_64/arch/x86/include -I/usr/src/kernels/7.1.6-201.fc44.x86_64/arch/x86/include/generated -I/usr/src/kernels/7.1.6-201.fc44.x86_64/include -I/usr/src/kernels/7.1.6-201.fc44.x86_64/include -I/usr/src/kernels/7.1.6-201.fc44.x86_64/arch/x86/include/uapi -I/usr/src/kernels/7.1.6-201.fc44.x86_64/arch/x86/include/generated/uapi -I/usr/src/kernels/7.1.6-201.fc44.x86_64/include/uapi -I/usr/src/kernels/7.1.6-201.fc44.x86_64/include/generated/uapi -include /usr/src/kernels/7.1.6-201.fc44.x86_64/include/linux/compiler-version.h -include /usr/src/kernels/7.1.6-201.fc44.x86_64/include/linux/kconfig.h -include /usr/src/kernels/7.1.6-201.fc44.x86_64/include/linux/compiler_types.h -D__KERNEL__ -fshort-wchar -funsigned-char -fno-common -fno-PIE -fno-strict-aliasing -std=gnu11 -fms-extensions -mno-sse -mno-mmx -mno-sse2 -mno-3dnow -mno-avx -mno-sse4a -fcf-protection=branch -fno-jump-tables -m64 -falign-jumps=1 -falign-loops=1 -mno-80387 -mno-fp-ret-in-387 -mpreferred-stack-boundary=3 -mskip-rax-setup -march=x86-64 -mtune=generic -mno-red-zone -mcmodel=kernel -mstack-protector-guard-reg=gs -mstack-protector-guard-symbol=__ref_stack_chk_guard -Wno-sign-compare -fno-asynchronous-unwind-tables -mindirect-branch=thunk-extern -mindirect-branch-register -mindirect-branch-cs-prefix -mfunction-return=thunk-extern -fno-jump-tables -mharden-sls=all -fpatchable-function-entry=16,16 -fno-delete-null-pointer-checks -O2 -fno-allow-store-data-races -fstack-protector-strong -ftrivial-auto-var-init=zero -fzero-init-padding-bits=all -fno-stack-clash-protection -fdiagnostics-show-context=2 -pg -mrecord-mcount -mfentry -DCC_USING_FENTRY -fno-inline-functions-called-once -fmin-function-alignment=16 -fstrict-flex-arrays=3 -fno-strict-overflow -fno-stack-check -fconserve-stack -fno-builtin-wcslen -Wall -Wextra -Wundef -Werror=implicit-function-declaration -Werror=implicit-int -Werror=return-type -Werror=strict-prototypes -Wno-format-security -Wno-trigraphs -Wno-frame-address -Wno-address-of-packed-member -Wmissing-declarations -Wmissing-prototypes -Wframe-larger-than=2048 -Wno-main -Wno-type-limits -Wno-dangling-pointer -Wvla-larger-than=1 -Wno-pointer-sign -Wcast-function-type -Wno-unterminated-string-initialization -Wno-array-bounds -Wno-stringop-overflow -Wno-alloc-size-larger-than -Wimplicit-fallthrough=5 -Werror=date-time -Werror=incompatible-pointer-types -Werror=designated-init -Wenum-conversion -Wunused -Wno-unused-but-set-variable -Wno-unused-const-variable -Wno-packed-not-aligned -Wno-format-overflow -Wno-format-truncation -Wno-stringop-truncation -Wno-override-init -Wno-missing-field-initializers -Wno-shift-negative-value -Wno-maybe-uninitialized -Wno-sign-compare -Wno-unused-parameter -g -DCONFIG_NTFS_FS_POSIX_ACL=1  -fsanitize=bounds-strict -fsanitize=shift    -DMODULE  -DKBUILD_BASENAME='"runlist"' -DKBUILD_MODNAME='"ntfs"' -D__KBUILD_MODNAME=ntfs -c -o runlist.o runlist.c  
2026/08/07 04:01:00 akmodsbuild: # CC [M]  super.o
2026/08/07 04:01:00 akmodsbuild:   gcc -Wp,-MMD,./.super.o.d -nostdinc -I/usr/src/kernels/7.1.6-201.fc44.x86_64/arch/x86/include -I/usr/src/kernels/7.1.6-201.fc44.x86_64/arch/x86/include/generated -I/usr/src/kernels/7.1.6-201.fc44.x86_64/include -I/usr/src/kernels/7.1.6-201.fc44.x86_64/include -I/usr/src/kernels/7.1.6-201.fc44.x86_64/arch/x86/include/uapi -I/usr/src/kernels/7.1.6-201.fc44.x86_64/arch/x86/include/generated/uapi -I/usr/src/kernels/7.1.6-201.fc44.x86_64/include/uapi -I/usr/src/kernels/7.1.6-201.fc44.x86_64/include/generated/uapi -include /usr/src/kernels/7.1.6-201.fc44.x86_64/include/linux/compiler-version.h -include /usr/src/kernels/7.1.6-201.fc44.x86_64/include/linux/kconfig.h -include /usr/src/kernels/7.1.6-201.fc44.x86_64/include/linux/compiler_types.h -D__KERNEL__ -fshort-wchar -funsigned-char -fno-common -fno-PIE -fno-strict-aliasing -std=gnu11 -fms-extensions -mno-sse -mno-mmx -mno-sse2 -mno-3dnow -mno-avx -mno-sse4a -fcf-protection=branch -fno-jump-tables -m64 -falign-jumps=1 -falign-loops=1 -mno-80387 -mno-fp-ret-in-387 -mpreferred-stack-boundary=3 -mskip-rax-setup -march=x86-64 -mtune=generic -mno-red-zone -mcmodel=kernel -mstack-protector-guard-reg=gs -mstack-protector-guard-symbol=__ref_stack_chk_guard -Wno-sign-compare -fno-asynchronous-unwind-tables -mindirect-branch=thunk-extern -mindirect-branch-register -mindirect-branch-cs-prefix -mfunction-return=thunk-extern -fno-jump-tables -mharden-sls=all -fpatchable-function-entry=16,16 -fno-delete-null-pointer-checks -O2 -fno-allow-store-data-races -fstack-protector-strong -ftrivial-auto-var-init=zero -fzero-init-padding-bits=all -fno-stack-clash-protection -fdiagnostics-show-context=2 -pg -mrecord-mcount -mfentry -DCC_USING_FENTRY -fno-inline-functions-called-once -fmin-function-alignment=16 -fstrict-flex-arrays=3 -fno-strict-overflow -fno-stack-check -fconserve-stack -fno-builtin-wcslen -Wall -Wextra -Wundef -Werror=implicit-function-declaration -Werror=implicit-int -Werror=return-type -Werror=strict-prototypes -Wno-format-security -Wno-trigraphs -Wno-frame-address -Wno-address-of-packed-member -Wmissing-declarations -Wmissing-prototypes -Wframe-larger-than=2048 -Wno-main -Wno-type-limits -Wno-dangling-pointer -Wvla-larger-than=1 -Wno-pointer-sign -Wcast-function-type -Wno-unterminated-string-initialization -Wno-array-bounds -Wno-stringop-overflow -Wno-alloc-size-larger-than -Wimplicit-fallthrough=5 -Werror=date-time -Werror=incompatible-pointer-types -Werror=designated-init -Wenum-conversion -Wunused -Wno-unused-but-set-variable -Wno-unused-const-variable -Wno-packed-not-aligned -Wno-format-overflow -Wno-format-truncation -Wno-stringop-truncation -Wno-override-init -Wno-missing-field-initializers -Wno-shift-negative-value -Wno-maybe-uninitialized -Wno-sign-compare -Wno-unused-parameter -g -DCONFIG_NTFS_FS_POSIX_ACL=1  -fsanitize=bounds-strict -fsanitize=shift    -DMODULE  -DKBUILD_BASENAME='"super"' -DKBUILD_MODNAME='"ntfs"' -D__KBUILD_MODNAME=ntfs -c -o super.o super.c  
2026/08/07 04:01:00 akmodsbuild: # CC [M]  unistr.o
2026/08/07 04:01:00 akmodsbuild:   gcc -Wp,-MMD,./.unistr.o.d -nostdinc -I/usr/src/kernels/7.1.6-201.fc44.x86_64/arch/x86/include -I/usr/src/kernels/7.1.6-201.fc44.x86_64/arch/x86/include/generated -I/usr/src/kernels/7.1.6-201.fc44.x86_64/include -I/usr/src/kernels/7.1.6-201.fc44.x86_64/include -I/usr/src/kernels/7.1.6-201.fc44.x86_64/arch/x86/include/uapi -I/usr/src/kernels/7.1.6-201.fc44.x86_64/arch/x86/include/generated/uapi -I/usr/src/kernels/7.1.6-201.fc44.x86_64/include/uapi -I/usr/src/kernels/7.1.6-201.fc44.x86_64/include/generated/uapi -include /usr/src/kernels/7.1.6-201.fc44.x86_64/include/linux/compiler-version.h -include /usr/src/kernels/7.1.6-201.fc44.x86_64/include/linux/kconfig.h -include /usr/src/kernels/7.1.6-201.fc44.x86_64/include/linux/compiler_types.h -D__KERNEL__ -fshort-wchar -funsigned-char -fno-common -fno-PIE -fno-strict-aliasing -std=gnu11 -fms-extensions -mno-sse -mno-mmx -mno-sse2 -mno-3dnow -mno-avx -mno-sse4a -fcf-protection=branch -fno-jump-tables -m64 -falign-jumps=1 -falign-loops=1 -mno-80387 -mno-fp-ret-in-387 -mpreferred-stack-boundary=3 -mskip-rax-setup -march=x86-64 -mtune=generic -mno-red-zone -mcmodel=kernel -mstack-protector-guard-reg=gs -mstack-protector-guard-symbol=__ref_stack_chk_guard -Wno-sign-compare -fno-asynchronous-unwind-tables -mindirect-branch=thunk-extern -mindirect-branch-register -mindirect-branch-cs-prefix -mfunction-return=thunk-extern -fno-jump-tables -mharden-sls=all -fpatchable-function-entry=16,16 -fno-delete-null-pointer-checks -O2 -fno-allow-store-data-races -fstack-protector-strong -ftrivial-auto-var-init=zero -fzero-init-padding-bits=all -fno-stack-clash-protection -fdiagnostics-show-context=2 -pg -mrecord-mcount -mfentry -DCC_USING_FENTRY -fno-inline-functions-called-once -fmin-function-alignment=16 -fstrict-flex-arrays=3 -fno-strict-overflow -fno-stack-check -fconserve-stack -fno-builtin-wcslen -Wall -Wextra -Wundef -Werror=implicit-function-declaration -Werror=implicit-int -Werror=return-type -Werror=strict-prototypes -Wno-format-security -Wno-trigraphs -Wno-frame-address -Wno-address-of-packed-member -Wmissing-declarations -Wmissing-prototypes -Wframe-larger-than=2048 -Wno-main -Wno-type-limits -Wno-dangling-pointer -Wvla-larger-than=1 -Wno-pointer-sign -Wcast-function-type -Wno-unterminated-string-initialization -Wno-array-bounds -Wno-stringop-overflow -Wno-alloc-size-larger-than -Wimplicit-fallthrough=5 -Werror=date-time -Werror=incompatible-pointer-types -Werror=designated-init -Wenum-conversion -Wunused -Wno-unused-but-set-variable -Wno-unused-const-variable -Wno-packed-not-aligned -Wno-format-overflow -Wno-format-truncation -Wno-stringop-truncation -Wno-override-init -Wno-missing-field-initializers -Wno-shift-negative-value -Wno-maybe-uninitialized -Wno-sign-compare -Wno-unused-parameter -g -DCONFIG_NTFS_FS_POSIX_ACL=1  -fsanitize=bounds-strict -fsanitize=shift    -DMODULE  -DKBUILD_BASENAME='"unistr"' -DKBUILD_MODNAME='"ntfs"' -D__KBUILD_MODNAME=ntfs -c -o unistr.o unistr.c  
2026/08/07 04:01:00 akmodsbuild: # CC [M]  attrlist.o
2026/08/07 04:01:00 akmodsbuild:   gcc -Wp,-MMD,./.attrlist.o.d -nostdinc -I/usr/src/kernels/7.1.6-201.fc44.x86_64/arch/x86/include -I/usr/src/kernels/7.1.6-201.fc44.x86_64/arch/x86/include/generated -I/usr/src/kernels/7.1.6-201.fc44.x86_64/include -I/usr/src/kernels/7.1.6-201.fc44.x86_64/include -I/usr/src/kernels/7.1.6-201.fc44.x86_64/arch/x86/include/uapi -I/usr/src/kernels/7.1.6-201.fc44.x86_64/arch/x86/include/generated/uapi -I/usr/src/kernels/7.1.6-201.fc44.x86_64/include/uapi -I/usr/src/kernels/7.1.6-201.fc44.x86_64/include/generated/uapi -include /usr/src/kernels/7.1.6-201.fc44.x86_64/include/linux/compiler-version.h -include /usr/src/kernels/7.1.6-201.fc44.x86_64/include/linux/kconfig.h -include /usr/src/kernels/7.1.6-201.fc44.x86_64/include/linux/compiler_types.h -D__KERNEL__ -fshort-wchar -funsigned-char -fno-common -fno-PIE -fno-strict-aliasing -std=gnu11 -fms-extensions -mno-sse -mno-mmx -mno-sse2 -mno-3dnow -mno-avx -mno-sse4a -fcf-protection=branch -fno-jump-tables -m64 -falign-jumps=1 -falign-loops=1 -mno-80387 -mno-fp-ret-in-387 -mpreferred-stack-boundary=3 -mskip-rax-setup -march=x86-64 -mtune=generic -mno-red-zone -mcmodel=kernel -mstack-protector-guard-reg=gs -mstack-protector-guard-symbol=__ref_stack_chk_guard -Wno-sign-compare -fno-asynchronous-unwind-tables -mindirect-branch=thunk-extern -mindirect-branch-register -mindirect-branch-cs-prefix -mfunction-return=thunk-extern -fno-jump-tables -mharden-sls=all -fpatchable-function-entry=16,16 -fno-delete-null-pointer-checks -O2 -fno-allow-store-data-races -fstack-protector-strong -ftrivial-auto-var-init=zero -fzero-init-padding-bits=all -fno-stack-clash-protection -fdiagnostics-show-context=2 -pg -mrecord-mcount -mfentry -DCC_USING_FENTRY -fno-inline-functions-called-once -fmin-function-alignment=16 -fstrict-flex-arrays=3 -fno-strict-overflow -fno-stack-check -fconserve-stack -fno-builtin-wcslen -Wall -Wextra -Wundef -Werror=implicit-function-declaration -Werror=implicit-int -Werror=return-type -Werror=strict-prototypes -Wno-format-security -Wno-trigraphs -Wno-frame-address -Wno-address-of-packed-member -Wmissing-declarations -Wmissing-prototypes -Wframe-larger-than=2048 -Wno-main -Wno-type-limits -Wno-dangling-pointer -Wvla-larger-than=1 -Wno-pointer-sign -Wcast-function-type -Wno-unterminated-string-initialization -Wno-array-bounds -Wno-stringop-overflow -Wno-alloc-size-larger-than -Wimplicit-fallthrough=5 -Werror=date-time -Werror=incompatible-pointer-types -Werror=designated-init -Wenum-conversion -Wunused -Wno-unused-but-set-variable -Wno-unused-const-variable -Wno-packed-not-aligned -Wno-format-overflow -Wno-format-truncation -Wno-stringop-truncation -Wno-override-init -Wno-missing-field-initializers -Wno-shift-negative-value -Wno-maybe-uninitialized -Wno-sign-compare -Wno-unused-parameter -g -DCONFIG_NTFS_FS_POSIX_ACL=1  -fsanitize=bounds-strict -fsanitize=shift    -DMODULE  -DKBUILD_BASENAME='"attrlist"' -DKBUILD_MODNAME='"ntfs"' -D__KBUILD_MODNAME=ntfs -c -o attrlist.o attrlist.c  
2026/08/07 04:01:00 akmodsbuild: # CC [M]  ea.o
2026/08/07 04:01:00 akmodsbuild:   gcc -Wp,-MMD,./.ea.o.d -nostdinc -I/usr/src/kernels/7.1.6-201.fc44.x86_64/arch/x86/include -I/usr/src/kernels/7.1.6-201.fc44.x86_64/arch/x86/include/generated -I/usr/src/kernels/7.1.6-201.fc44.x86_64/include -I/usr/src/kernels/7.1.6-201.fc44.x86_64/include -I/usr/src/kernels/7.1.6-201.fc44.x86_64/arch/x86/include/uapi -I/usr/src/kernels/7.1.6-201.fc44.x86_64/arch/x86/include/generated/uapi -I/usr/src/kernels/7.1.6-201.fc44.x86_64/include/uapi -I/usr/src/kernels/7.1.6-201.fc44.x86_64/include/generated/uapi -include /usr/src/kernels/7.1.6-201.fc44.x86_64/include/linux/compiler-version.h -include /usr/src/kernels/7.1.6-201.fc44.x86_64/include/linux/kconfig.h -include /usr/src/kernels/7.1.6-201.fc44.x86_64/include/linux/compiler_types.h -D__KERNEL__ -fshort-wchar -funsigned-char -fno-common -fno-PIE -fno-strict-aliasing -std=gnu11 -fms-extensions -mno-sse -mno-mmx -mno-sse2 -mno-3dnow -mno-avx -mno-sse4a -fcf-protection=branch -fno-jump-tables -m64 -falign-jumps=1 -falign-loops=1 -mno-80387 -mno-fp-ret-in-387 -mpreferred-stack-boundary=3 -mskip-rax-setup -march=x86-64 -mtune=generic -mno-red-zone -mcmodel=kernel -mstack-protector-guard-reg=gs -mstack-protector-guard-symbol=__ref_stack_chk_guard -Wno-sign-compare -fno-asynchronous-unwind-tables -mindirect-branch=thunk-extern -mindirect-branch-register -mindirect-branch-cs-prefix -mfunction-return=thunk-extern -fno-jump-tables -mharden-sls=all -fpatchable-function-entry=16,16 -fno-delete-null-pointer-checks -O2 -fno-allow-store-data-races -fstack-protector-strong -ftrivial-auto-var-init=zero -fzero-init-padding-bits=all -fno-stack-clash-protection -fdiagnostics-show-context=2 -pg -mrecord-mcount -mfentry -DCC_USING_FENTRY -fno-inline-functions-called-once -fmin-function-alignment=16 -fstrict-flex-arrays=3 -fno-strict-overflow -fno-stack-check -fconserve-stack -fno-builtin-wcslen -Wall -Wextra -Wundef -Werror=implicit-function-declaration -Werror=implicit-int -Werror=return-type -Werror=strict-prototypes -Wno-format-security -Wno-trigraphs -Wno-frame-address -Wno-address-of-packed-member -Wmissing-declarations -Wmissing-prototypes -Wframe-larger-than=2048 -Wno-main -Wno-type-limits -Wno-dangling-pointer -Wvla-larger-than=1 -Wno-pointer-sign -Wcast-function-type -Wno-unterminated-string-initialization -Wno-array-bounds -Wno-stringop-overflow -Wno-alloc-size-larger-than -Wimplicit-fallthrough=5 -Werror=date-time -Werror=incompatible-pointer-types -Werror=designated-init -Wenum-conversion -Wunused -Wno-unused-but-set-variable -Wno-unused-const-variable -Wno-packed-not-aligned -Wno-format-overflow -Wno-format-truncation -Wno-stringop-truncation -Wno-override-init -Wno-missing-field-initializers -Wno-shift-negative-value -Wno-maybe-uninitialized -Wno-sign-compare -Wno-unused-parameter -g -DCONFIG_NTFS_FS_POSIX_ACL=1  -fsanitize=bounds-strict -fsanitize=shift    -DMODULE  -DKBUILD_BASENAME='"ea"' -DKBUILD_MODNAME='"ntfs"' -D__KBUILD_MODNAME=ntfs -c -o ea.o ea.c  
2026/08/07 04:01:00 akmodsbuild: # CC [M]  upcase.o
2026/08/07 04:01:00 akmodsbuild:   gcc -Wp,-MMD,./.upcase.o.d -nostdinc -I/usr/src/kernels/7.1.6-201.fc44.x86_64/arch/x86/include -I/usr/src/kernels/7.1.6-201.fc44.x86_64/arch/x86/include/generated -I/usr/src/kernels/7.1.6-201.fc44.x86_64/include -I/usr/src/kernels/7.1.6-201.fc44.x86_64/include -I/usr/src/kernels/7.1.6-201.fc44.x86_64/arch/x86/include/uapi -I/usr/src/kernels/7.1.6-201.fc44.x86_64/arch/x86/include/generated/uapi -I/usr/src/kernels/7.1.6-201.fc44.x86_64/include/uapi -I/usr/src/kernels/7.1.6-201.fc44.x86_64/include/generated/uapi -include /usr/src/kernels/7.1.6-201.fc44.x86_64/include/linux/compiler-version.h -include /usr/src/kernels/7.1.6-201.fc44.x86_64/include/linux/kconfig.h -include /usr/src/kernels/7.1.6-201.fc44.x86_64/include/linux/compiler_types.h -D__KERNEL__ -fshort-wchar -funsigned-char -fno-common -fno-PIE -fno-strict-aliasing -std=gnu11 -fms-extensions -mno-sse -mno-mmx -mno-sse2 -mno-3dnow -mno-avx -mno-sse4a -fcf-protection=branch -fno-jump-tables -m64 -falign-jumps=1 -falign-loops=1 -mno-80387 -mno-fp-ret-in-387 -mpreferred-stack-boundary=3 -mskip-rax-setup -march=x86-64 -mtune=generic -mno-red-zone -mcmodel=kernel -mstack-protector-guard-reg=gs -mstack-protector-guard-symbol=__ref_stack_chk_guard -Wno-sign-compare -fno-asynchronous-unwind-tables -mindirect-branch=thunk-extern -mindirect-branch-register -mindirect-branch-cs-prefix -mfunction-return=thunk-extern -fno-jump-tables -mharden-sls=all -fpatchable-function-entry=16,16 -fno-delete-null-pointer-checks -O2 -fno-allow-store-data-races -fstack-protector-strong -ftrivial-auto-var-init=zero -fzero-init-padding-bits=all -fno-stack-clash-protection -fdiagnostics-show-context=2 -pg -mrecord-mcount -mfentry -DCC_USING_FENTRY -fno-inline-functions-called-once -fmin-function-alignment=16 -fstrict-flex-arrays=3 -fno-strict-overflow -fno-stack-check -fconserve-stack -fno-builtin-wcslen -Wall -Wextra -Wundef -Werror=implicit-function-declaration -Werror=implicit-int -Werror=return-type -Werror=strict-prototypes -Wno-format-security -Wno-trigraphs -Wno-frame-address -Wno-address-of-packed-member -Wmissing-declarations -Wmissing-prototypes -Wframe-larger-than=2048 -Wno-main -Wno-type-limits -Wno-dangling-pointer -Wvla-larger-than=1 -Wno-pointer-sign -Wcast-function-type -Wno-unterminated-string-initialization -Wno-array-bounds -Wno-stringop-overflow -Wno-alloc-size-larger-than -Wimplicit-fallthrough=5 -Werror=date-time -Werror=incompatible-pointer-types -Werror=designated-init -Wenum-conversion -Wunused -Wno-unused-but-set-variable -Wno-unused-const-variable -Wno-packed-not-aligned -Wno-format-overflow -Wno-format-truncation -Wno-stringop-truncation -Wno-override-init -Wno-missing-field-initializers -Wno-shift-negative-value -Wno-maybe-uninitialized -Wno-sign-compare -Wno-unused-parameter -g -DCONFIG_NTFS_FS_POSIX_ACL=1  -fsanitize=bounds-strict -fsanitize=shift    -DMODULE  -DKBUILD_BASENAME='"upcase"' -DKBUILD_MODNAME='"ntfs"' -D__KBUILD_MODNAME=ntfs -c -o upcase.o upcase.c  
2026/08/07 04:01:00 akmodsbuild: # CC [M]  bitmap.o
2026/08/07 04:01:00 akmodsbuild:   gcc -Wp,-MMD,./.bitmap.o.d -nostdinc -I/usr/src/kernels/7.1.6-201.fc44.x86_64/arch/x86/include -I/usr/src/kernels/7.1.6-201.fc44.x86_64/arch/x86/include/generated -I/usr/src/kernels/7.1.6-201.fc44.x86_64/include -I/usr/src/kernels/7.1.6-201.fc44.x86_64/include -I/usr/src/kernels/7.1.6-201.fc44.x86_64/arch/x86/include/uapi -I/usr/src/kernels/7.1.6-201.fc44.x86_64/arch/x86/include/generated/uapi -I/usr/src/kernels/7.1.6-201.fc44.x86_64/include/uapi -I/usr/src/kernels/7.1.6-201.fc44.x86_64/include/generated/uapi -include /usr/src/kernels/7.1.6-201.fc44.x86_64/include/linux/compiler-version.h -include /usr/src/kernels/7.1.6-201.fc44.x86_64/include/linux/kconfig.h -include /usr/src/kernels/7.1.6-201.fc44.x86_64/include/linux/compiler_types.h -D__KERNEL__ -fshort-wchar -funsigned-char -fno-common -fno-PIE -fno-strict-aliasing -std=gnu11 -fms-extensions -mno-sse -mno-mmx -mno-sse2 -mno-3dnow -mno-avx -mno-sse4a -fcf-protection=branch -fno-jump-tables -m64 -falign-jumps=1 -falign-loops=1 -mno-80387 -mno-fp-ret-in-387 -mpreferred-stack-boundary=3 -mskip-rax-setup -march=x86-64 -mtune=generic -mno-red-zone -mcmodel=kernel -mstack-protector-guard-reg=gs -mstack-protector-guard-symbol=__ref_stack_chk_guard -Wno-sign-compare -fno-asynchronous-unwind-tables -mindirect-branch=thunk-extern -mindirect-branch-register -mindirect-branch-cs-prefix -mfunction-return=thunk-extern -fno-jump-tables -mharden-sls=all -fpatchable-function-entry=16,16 -fno-delete-null-pointer-checks -O2 -fno-allow-store-data-races -fstack-protector-strong -ftrivial-auto-var-init=zero -fzero-init-padding-bits=all -fno-stack-clash-protection -fdiagnostics-show-context=2 -pg -mrecord-mcount -mfentry -DCC_USING_FENTRY -fno-inline-functions-called-once -fmin-function-alignment=16 -fstrict-flex-arrays=3 -fno-strict-overflow -fno-stack-check -fconserve-stack -fno-builtin-wcslen -Wall -Wextra -Wundef -Werror=implicit-function-declaration -Werror=implicit-int -Werror=return-type -Werror=strict-prototypes -Wno-format-security -Wno-trigraphs -Wno-frame-address -Wno-address-of-packed-member -Wmissing-declarations -Wmissing-prototypes -Wframe-larger-than=2048 -Wno-main -Wno-type-limits -Wno-dangling-pointer -Wvla-larger-than=1 -Wno-pointer-sign -Wcast-function-type -Wno-unterminated-string-initialization -Wno-array-bounds -Wno-stringop-overflow -Wno-alloc-size-larger-than -Wimplicit-fallthrough=5 -Werror=date-time -Werror=incompatible-pointer-types -Werror=designated-init -Wenum-conversion -Wunused -Wno-unused-but-set-variable -Wno-unused-const-variable -Wno-packed-not-aligned -Wno-format-overflow -Wno-format-truncation -Wno-stringop-truncation -Wno-override-init -Wno-missing-field-initializers -Wno-shift-negative-value -Wno-maybe-uninitialized -Wno-sign-compare -Wno-unused-parameter -g -DCONFIG_NTFS_FS_POSIX_ACL=1  -fsanitize=bounds-strict -fsanitize=shift    -DMODULE  -DKBUILD_BASENAME='"bitmap"' -DKBUILD_MODNAME='"ntfs"' -D__KBUILD_MODNAME=ntfs -c -o bitmap.o bitmap.c  
2026/08/07 04:01:00 akmodsbuild: # CC [M]  lcnalloc.o
2026/08/07 04:01:00 akmodsbuild:   gcc -Wp,-MMD,./.lcnalloc.o.d -nostdinc -I/usr/src/kernels/7.1.6-201.fc44.x86_64/arch/x86/include -I/usr/src/kernels/7.1.6-201.fc44.x86_64/arch/x86/include/generated -I/usr/src/kernels/7.1.6-201.fc44.x86_64/include -I/usr/src/kernels/7.1.6-201.fc44.x86_64/include -I/usr/src/kernels/7.1.6-201.fc44.x86_64/arch/x86/include/uapi -I/usr/src/kernels/7.1.6-201.fc44.x86_64/arch/x86/include/generated/uapi -I/usr/src/kernels/7.1.6-201.fc44.x86_64/include/uapi -I/usr/src/kernels/7.1.6-201.fc44.x86_64/include/generated/uapi -include /usr/src/kernels/7.1.6-201.fc44.x86_64/include/linux/compiler-version.h -include /usr/src/kernels/7.1.6-201.fc44.x86_64/include/linux/kconfig.h -include /usr/src/kernels/7.1.6-201.fc44.x86_64/include/linux/compiler_types.h -D__KERNEL__ -fshort-wchar -funsigned-char -fno-common -fno-PIE -fno-strict-aliasing -std=gnu11 -fms-extensions -mno-sse -mno-mmx -mno-sse2 -mno-3dnow -mno-avx -mno-sse4a -fcf-protection=branch -fno-jump-tables -m64 -falign-jumps=1 -falign-loops=1 -mno-80387 -mno-fp-ret-in-387 -mpreferred-stack-boundary=3 -mskip-rax-setup -march=x86-64 -mtune=generic -mno-red-zone -mcmodel=kernel -mstack-protector-guard-reg=gs -mstack-protector-guard-symbol=__ref_stack_chk_guard -Wno-sign-compare -fno-asynchronous-unwind-tables -mindirect-branch=thunk-extern -mindirect-branch-register -mindirect-branch-cs-prefix -mfunction-return=thunk-extern -fno-jump-tables -mharden-sls=all -fpatchable-function-entry=16,16 -fno-delete-null-pointer-checks -O2 -fno-allow-store-data-races -fstack-protector-strong -ftrivial-auto-var-init=zero -fzero-init-padding-bits=all -fno-stack-clash-protection -fdiagnostics-show-context=2 -pg -mrecord-mcount -mfentry -DCC_USING_FENTRY -fno-inline-functions-called-once -fmin-function-alignment=16 -fstrict-flex-arrays=3 -fno-strict-overflow -fno-stack-check -fconserve-stack -fno-builtin-wcslen -Wall -Wextra -Wundef -Werror=implicit-function-declaration -Werror=implicit-int -Werror=return-type -Werror=strict-prototypes -Wno-format-security -Wno-trigraphs -Wno-frame-address -Wno-address-of-packed-member -Wmissing-declarations -Wmissing-prototypes -Wframe-larger-than=2048 -Wno-main -Wno-type-limits -Wno-dangling-pointer -Wvla-larger-than=1 -Wno-pointer-sign -Wcast-function-type -Wno-unterminated-string-initialization -Wno-array-bounds -Wno-stringop-overflow -Wno-alloc-size-larger-than -Wimplicit-fallthrough=5 -Werror=date-time -Werror=incompatible-pointer-types -Werror=designated-init -Wenum-conversion -Wunused -Wno-unused-but-set-variable -Wno-unused-const-variable -Wno-packed-not-aligned -Wno-format-overflow -Wno-format-truncation -Wno-stringop-truncation -Wno-override-init -Wno-missing-field-initializers -Wno-shift-negative-value -Wno-maybe-uninitialized -Wno-sign-compare -Wno-unused-parameter -g -DCONFIG_NTFS_FS_POSIX_ACL=1  -fsanitize=bounds-strict -fsanitize=shift    -DMODULE  -DKBUILD_BASENAME='"lcnalloc"' -DKBUILD_MODNAME='"ntfs"' -D__KBUILD_MODNAME=ntfs -c -o lcnalloc.o lcnalloc.c  
2026/08/07 04:01:00 akmodsbuild: # CC [M]  logfile.o
2026/08/07 04:01:00 akmodsbuild:   gcc -Wp,-MMD,./.logfile.o.d -nostdinc -I/usr/src/kernels/7.1.6-201.fc44.x86_64/arch/x86/include -I/usr/src/kernels/7.1.6-201.fc44.x86_64/arch/x86/include/generated -I/usr/src/kernels/7.1.6-201.fc44.x86_64/include -I/usr/src/kernels/7.1.6-201.fc44.x86_64/include -I/usr/src/kernels/7.1.6-201.fc44.x86_64/arch/x86/include/uapi -I/usr/src/kernels/7.1.6-201.fc44.x86_64/arch/x86/include/generated/uapi -I/usr/src/kernels/7.1.6-201.fc44.x86_64/include/uapi -I/usr/src/kernels/7.1.6-201.fc44.x86_64/include/generated/uapi -include /usr/src/kernels/7.1.6-201.fc44.x86_64/include/linux/compiler-version.h -include /usr/src/kernels/7.1.6-201.fc44.x86_64/include/linux/kconfig.h -include /usr/src/kernels/7.1.6-201.fc44.x86_64/include/linux/compiler_types.h -D__KERNEL__ -fshort-wchar -funsigned-char -fno-common -fno-PIE -fno-strict-aliasing -std=gnu11 -fms-extensions -mno-sse -mno-mmx -mno-sse2 -mno-3dnow -mno-avx -mno-sse4a -fcf-protection=branch -fno-jump-tables -m64 -falign-jumps=1 -falign-loops=1 -mno-80387 -mno-fp-ret-in-387 -mpreferred-stack-boundary=3 -mskip-rax-setup -march=x86-64 -mtune=generic -mno-red-zone -mcmodel=kernel -mstack-protector-guard-reg=gs -mstack-protector-guard-symbol=__ref_stack_chk_guard -Wno-sign-compare -fno-asynchronous-unwind-tables -mindirect-branch=thunk-extern -mindirect-branch-register -mindirect-branch-cs-prefix -mfunction-return=thunk-extern -fno-jump-tables -mharden-sls=all -fpatchable-function-entry=16,16 -fno-delete-null-pointer-checks -O2 -fno-allow-store-data-races -fstack-protector-strong -ftrivial-auto-var-init=zero -fzero-init-padding-bits=all -fno-stack-clash-protection -fdiagnostics-show-context=2 -pg -mrecord-mcount -mfentry -DCC_USING_FENTRY -fno-inline-functions-called-once -fmin-function-alignment=16 -fstrict-flex-arrays=3 -fno-strict-overflow -fno-stack-check -fconserve-stack -fno-builtin-wcslen -Wall -Wextra -Wundef -Werror=implicit-function-declaration -Werror=implicit-int -Werror=return-type -Werror=strict-prototypes -Wno-format-security -Wno-trigraphs -Wno-frame-address -Wno-address-of-packed-member -Wmissing-declarations -Wmissing-prototypes -Wframe-larger-than=2048 -Wno-main -Wno-type-limits -Wno-dangling-pointer -Wvla-larger-than=1 -Wno-pointer-sign -Wcast-function-type -Wno-unterminated-string-initialization -Wno-array-bounds -Wno-stringop-overflow -Wno-alloc-size-larger-than -Wimplicit-fallthrough=5 -Werror=date-time -Werror=incompatible-pointer-types -Werror=designated-init -Wenum-conversion -Wunused -Wno-unused-but-set-variable -Wno-unused-const-variable -Wno-packed-not-aligned -Wno-format-overflow -Wno-format-truncation -Wno-stringop-truncation -Wno-override-init -Wno-missing-field-initializers -Wno-shift-negative-value -Wno-maybe-uninitialized -Wno-sign-compare -Wno-unused-parameter -g -DCONFIG_NTFS_FS_POSIX_ACL=1  -fsanitize=bounds-strict -fsanitize=shift    -DMODULE  -DKBUILD_BASENAME='"logfile"' -DKBUILD_MODNAME='"ntfs"' -D__KBUILD_MODNAME=ntfs -c -o logfile.o logfile.c  
2026/08/07 04:01:00 akmodsbuild: # CC [M]  reparse.o
2026/08/07 04:01:00 akmodsbuild:   gcc -Wp,-MMD,./.reparse.o.d -nostdinc -I/usr/src/kernels/7.1.6-201.fc44.x86_64/arch/x86/include -I/usr/src/kernels/7.1.6-201.fc44.x86_64/arch/x86/include/generated -I/usr/src/kernels/7.1.6-201.fc44.x86_64/include -I/usr/src/kernels/7.1.6-201.fc44.x86_64/include -I/usr/src/kernels/7.1.6-201.fc44.x86_64/arch/x86/include/uapi -I/usr/src/kernels/7.1.6-201.fc44.x86_64/arch/x86/include/generated/uapi -I/usr/src/kernels/7.1.6-201.fc44.x86_64/include/uapi -I/usr/src/kernels/7.1.6-201.fc44.x86_64/include/generated/uapi -include /usr/src/kernels/7.1.6-201.fc44.x86_64/include/linux/compiler-version.h -include /usr/src/kernels/7.1.6-201.fc44.x86_64/include/linux/kconfig.h -include /usr/src/kernels/7.1.6-201.fc44.x86_64/include/linux/compiler_types.h -D__KERNEL__ -fshort-wchar -funsigned-char -fno-common -fno-PIE -fno-strict-aliasing -std=gnu11 -fms-extensions -mno-sse -mno-mmx -mno-sse2 -mno-3dnow -mno-avx -mno-sse4a -fcf-protection=branch -fno-jump-tables -m64 -falign-jumps=1 -falign-loops=1 -mno-80387 -mno-fp-ret-in-387 -mpreferred-stack-boundary=3 -mskip-rax-setup -march=x86-64 -mtune=generic -mno-red-zone -mcmodel=kernel -mstack-protector-guard-reg=gs -mstack-protector-guard-symbol=__ref_stack_chk_guard -Wno-sign-compare -fno-asynchronous-unwind-tables -mindirect-branch=thunk-extern -mindirect-branch-register -mindirect-branch-cs-prefix -mfunction-return=thunk-extern -fno-jump-tables -mharden-sls=all -fpatchable-function-entry=16,16 -fno-delete-null-pointer-checks -O2 -fno-allow-store-data-races -fstack-protector-strong -ftrivial-auto-var-init=zero -fzero-init-padding-bits=all -fno-stack-clash-protection -fdiagnostics-show-context=2 -pg -mrecord-mcount -mfentry -DCC_USING_FENTRY -fno-inline-functions-called-once -fmin-function-alignment=16 -fstrict-flex-arrays=3 -fno-strict-overflow -fno-stack-check -fconserve-stack -fno-builtin-wcslen -Wall -Wextra -Wundef -Werror=implicit-function-declaration -Werror=implicit-int -Werror=return-type -Werror=strict-prototypes -Wno-format-security -Wno-trigraphs -Wno-frame-address -Wno-address-of-packed-member -Wmissing-declarations -Wmissing-prototypes -Wframe-larger-than=2048 -Wno-main -Wno-type-limits -Wno-dangling-pointer -Wvla-larger-than=1 -Wno-pointer-sign -Wcast-function-type -Wno-unterminated-string-initialization -Wno-array-bounds -Wno-stringop-overflow -Wno-alloc-size-larger-than -Wimplicit-fallthrough=5 -Werror=date-time -Werror=incompatible-pointer-types -Werror=designated-init -Wenum-conversion -Wunused -Wno-unused-but-set-variable -Wno-unused-const-variable -Wno-packed-not-aligned -Wno-format-overflow -Wno-format-truncation -Wno-stringop-truncation -Wno-override-init -Wno-missing-field-initializers -Wno-shift-negative-value -Wno-maybe-uninitialized -Wno-sign-compare -Wno-unused-parameter -g -DCONFIG_NTFS_FS_POSIX_ACL=1  -fsanitize=bounds-strict -fsanitize=shift    -DMODULE  -DKBUILD_BASENAME='"reparse"' -DKBUILD_MODNAME='"ntfs"' -D__KBUILD_MODNAME=ntfs -c -o reparse.o reparse.c  
2026/08/07 04:01:00 akmodsbuild: # CC [M]  compress.o
2026/08/07 04:01:00 akmodsbuild:   gcc -Wp,-MMD,./.compress.o.d -nostdinc -I/usr/src/kernels/7.1.6-201.fc44.x86_64/arch/x86/include -I/usr/src/kernels/7.1.6-201.fc44.x86_64/arch/x86/include/generated -I/usr/src/kernels/7.1.6-201.fc44.x86_64/include -I/usr/src/kernels/7.1.6-201.fc44.x86_64/include -I/usr/src/kernels/7.1.6-201.fc44.x86_64/arch/x86/include/uapi -I/usr/src/kernels/7.1.6-201.fc44.x86_64/arch/x86/include/generated/uapi -I/usr/src/kernels/7.1.6-201.fc44.x86_64/include/uapi -I/usr/src/kernels/7.1.6-201.fc44.x86_64/include/generated/uapi -include /usr/src/kernels/7.1.6-201.fc44.x86_64/include/linux/compiler-version.h -include /usr/src/kernels/7.1.6-201.fc44.x86_64/include/linux/kconfig.h -include /usr/src/kernels/7.1.6-201.fc44.x86_64/include/linux/compiler_types.h -D__KERNEL__ -fshort-wchar -funsigned-char -fno-common -fno-PIE -fno-strict-aliasing -std=gnu11 -fms-extensions -mno-sse -mno-mmx -mno-sse2 -mno-3dnow -mno-avx -mno-sse4a -fcf-protection=branch -fno-jump-tables -m64 -falign-jumps=1 -falign-loops=1 -mno-80387 -mno-fp-ret-in-387 -mpreferred-stack-boundary=3 -mskip-rax-setup -march=x86-64 -mtune=generic -mno-red-zone -mcmodel=kernel -mstack-protector-guard-reg=gs -mstack-protector-guard-symbol=__ref_stack_chk_guard -Wno-sign-compare -fno-asynchronous-unwind-tables -mindirect-branch=thunk-extern -mindirect-branch-register -mindirect-branch-cs-prefix -mfunction-return=thunk-extern -fno-jump-tables -mharden-sls=all -fpatchable-function-entry=16,16 -fno-delete-null-pointer-checks -O2 -fno-allow-store-data-races -fstack-protector-strong -ftrivial-auto-var-init=zero -fzero-init-padding-bits=all -fno-stack-clash-protection -fdiagnostics-show-context=2 -pg -mrecord-mcount -mfentry -DCC_USING_FENTRY -fno-inline-functions-called-once -fmin-function-alignment=16 -fstrict-flex-arrays=3 -fno-strict-overflow -fno-stack-check -fconserve-stack -fno-builtin-wcslen -Wall -Wextra -Wundef -Werror=implicit-function-declaration -Werror=implicit-int -Werror=return-type -Werror=strict-prototypes -Wno-format-security -Wno-trigraphs -Wno-frame-address -Wno-address-of-packed-member -Wmissing-declarations -Wmissing-prototypes -Wframe-larger-than=2048 -Wno-main -Wno-type-limits -Wno-dangling-pointer -Wvla-larger-than=1 -Wno-pointer-sign -Wcast-function-type -Wno-unterminated-string-initialization -Wno-array-bounds -Wno-stringop-overflow -Wno-alloc-size-larger-than -Wimplicit-fallthrough=5 -Werror=date-time -Werror=incompatible-pointer-types -Werror=designated-init -Wenum-conversion -Wunused -Wno-unused-but-set-variable -Wno-unused-const-variable -Wno-packed-not-aligned -Wno-format-overflow -Wno-format-truncation -Wno-stringop-truncation -Wno-override-init -Wno-missing-field-initializers -Wno-shift-negative-value -Wno-maybe-uninitialized -Wno-sign-compare -Wno-unused-parameter -g -DCONFIG_NTFS_FS_POSIX_ACL=1  -fsanitize=bounds-strict -fsanitize=shift    -DMODULE  -DKBUILD_BASENAME='"compress"' -DKBUILD_MODNAME='"ntfs"' -D__KBUILD_MODNAME=ntfs -c -o compress.o compress.c  
2026/08/07 04:01:00 akmodsbuild: # CC [M]  iomap.o
2026/08/07 04:01:00 akmodsbuild:   gcc -Wp,-MMD,./.iomap.o.d -nostdinc -I/usr/src/kernels/7.1.6-201.fc44.x86_64/arch/x86/include -I/usr/src/kernels/7.1.6-201.fc44.x86_64/arch/x86/include/generated -I/usr/src/kernels/7.1.6-201.fc44.x86_64/include -I/usr/src/kernels/7.1.6-201.fc44.x86_64/include -I/usr/src/kernels/7.1.6-201.fc44.x86_64/arch/x86/include/uapi -I/usr/src/kernels/7.1.6-201.fc44.x86_64/arch/x86/include/generated/uapi -I/usr/src/kernels/7.1.6-201.fc44.x86_64/include/uapi -I/usr/src/kernels/7.1.6-201.fc44.x86_64/include/generated/uapi -include /usr/src/kernels/7.1.6-201.fc44.x86_64/include/linux/compiler-version.h -include /usr/src/kernels/7.1.6-201.fc44.x86_64/include/linux/kconfig.h -include /usr/src/kernels/7.1.6-201.fc44.x86_64/include/linux/compiler_types.h -D__KERNEL__ -fshort-wchar -funsigned-char -fno-common -fno-PIE -fno-strict-aliasing -std=gnu11 -fms-extensions -mno-sse -mno-mmx -mno-sse2 -mno-3dnow -mno-avx -mno-sse4a -fcf-protection=branch -fno-jump-tables -m64 -falign-jumps=1 -falign-loops=1 -mno-80387 -mno-fp-ret-in-387 -mpreferred-stack-boundary=3 -mskip-rax-setup -march=x86-64 -mtune=generic -mno-red-zone -mcmodel=kernel -mstack-protector-guard-reg=gs -mstack-protector-guard-symbol=__ref_stack_chk_guard -Wno-sign-compare -fno-asynchronous-unwind-tables -mindirect-branch=thunk-extern -mindirect-branch-register -mindirect-branch-cs-prefix -mfunction-return=thunk-extern -fno-jump-tables -mharden-sls=all -fpatchable-function-entry=16,16 -fno-delete-null-pointer-checks -O2 -fno-allow-store-data-races -fstack-protector-strong -ftrivial-auto-var-init=zero -fzero-init-padding-bits=all -fno-stack-clash-protection -fdiagnostics-show-context=2 -pg -mrecord-mcount -mfentry -DCC_USING_FENTRY -fno-inline-functions-called-once -fmin-function-alignment=16 -fstrict-flex-arrays=3 -fno-strict-overflow -fno-stack-check -fconserve-stack -fno-builtin-wcslen -Wall -Wextra -Wundef -Werror=implicit-function-declaration -Werror=implicit-int -Werror=return-type -Werror=strict-prototypes -Wno-format-security -Wno-trigraphs -Wno-frame-address -Wno-address-of-packed-member -Wmissing-declarations -Wmissing-prototypes -Wframe-larger-than=2048 -Wno-main -Wno-type-limits -Wno-dangling-pointer -Wvla-larger-than=1 -Wno-pointer-sign -Wcast-function-type -Wno-unterminated-string-initialization -Wno-array-bounds -Wno-stringop-overflow -Wno-alloc-size-larger-than -Wimplicit-fallthrough=5 -Werror=date-time -Werror=incompatible-pointer-types -Werror=designated-init -Wenum-conversion -Wunused -Wno-unused-but-set-variable -Wno-unused-const-variable -Wno-packed-not-aligned -Wno-format-overflow -Wno-format-truncation -Wno-stringop-truncation -Wno-override-init -Wno-missing-field-initializers -Wno-shift-negative-value -Wno-maybe-uninitialized -Wno-sign-compare -Wno-unused-parameter -g -DCONFIG_NTFS_FS_POSIX_ACL=1  -fsanitize=bounds-strict -fsanitize=shift    -DMODULE  -DKBUILD_BASENAME='"iomap"' -DKBUILD_MODNAME='"ntfs"' -D__KBUILD_MODNAME=ntfs -c -o iomap.o iomap.c  
2026/08/07 04:01:00 akmodsbuild: # CC [M]  debug.o
2026/08/07 04:01:00 akmodsbuild:   gcc -Wp,-MMD,./.debug.o.d -nostdinc -I/usr/src/kernels/7.1.6-201.fc44.x86_64/arch/x86/include -I/usr/src/kernels/7.1.6-201.fc44.x86_64/arch/x86/include/generated -I/usr/src/kernels/7.1.6-201.fc44.x86_64/include -I/usr/src/kernels/7.1.6-201.fc44.x86_64/include -I/usr/src/kernels/7.1.6-201.fc44.x86_64/arch/x86/include/uapi -I/usr/src/kernels/7.1.6-201.fc44.x86_64/arch/x86/include/generated/uapi -I/usr/src/kernels/7.1.6-201.fc44.x86_64/include/uapi -I/usr/src/kernels/7.1.6-201.fc44.x86_64/include/generated/uapi -include /usr/src/kernels/7.1.6-201.fc44.x86_64/include/linux/compiler-version.h -include /usr/src/kernels/7.1.6-201.fc44.x86_64/include/linux/kconfig.h -include /usr/src/kernels/7.1.6-201.fc44.x86_64/include/linux/compiler_types.h -D__KERNEL__ -fshort-wchar -funsigned-char -fno-common -fno-PIE -fno-strict-aliasing -std=gnu11 -fms-extensions -mno-sse -mno-mmx -mno-sse2 -mno-3dnow -mno-avx -mno-sse4a -fcf-protection=branch -fno-jump-tables -m64 -falign-jumps=1 -falign-loops=1 -mno-80387 -mno-fp-ret-in-387 -mpreferred-stack-boundary=3 -mskip-rax-setup -march=x86-64 -mtune=generic -mno-red-zone -mcmodel=kernel -mstack-protector-guard-reg=gs -mstack-protector-guard-symbol=__ref_stack_chk_guard -Wno-sign-compare -fno-asynchronous-unwind-tables -mindirect-branch=thunk-extern -mindirect-branch-register -mindirect-branch-cs-prefix -mfunction-return=thunk-extern -fno-jump-tables -mharden-sls=all -fpatchable-function-entry=16,16 -fno-delete-null-pointer-checks -O2 -fno-allow-store-data-races -fstack-protector-strong -ftrivial-auto-var-init=zero -fzero-init-padding-bits=all -fno-stack-clash-protection -fdiagnostics-show-context=2 -pg -mrecord-mcount -mfentry -DCC_USING_FENTRY -fno-inline-functions-called-once -fmin-function-alignment=16 -fstrict-flex-arrays=3 -fno-strict-overflow -fno-stack-check -fconserve-stack -fno-builtin-wcslen -Wall -Wextra -Wundef -Werror=implicit-function-declaration -Werror=implicit-int -Werror=return-type -Werror=strict-prototypes -Wno-format-security -Wno-trigraphs -Wno-frame-address -Wno-address-of-packed-member -Wmissing-declarations -Wmissing-prototypes -Wframe-larger-than=2048 -Wno-main -Wno-type-limits -Wno-dangling-pointer -Wvla-larger-than=1 -Wno-pointer-sign -Wcast-function-type -Wno-unterminated-string-initialization -Wno-array-bounds -Wno-stringop-overflow -Wno-alloc-size-larger-than -Wimplicit-fallthrough=5 -Werror=date-time -Werror=incompatible-pointer-types -Werror=designated-init -Wenum-conversion -Wunused -Wno-unused-but-set-variable -Wno-unused-const-variable -Wno-packed-not-aligned -Wno-format-overflow -Wno-format-truncation -Wno-stringop-truncation -Wno-override-init -Wno-missing-field-initializers -Wno-shift-negative-value -Wno-maybe-uninitialized -Wno-sign-compare -Wno-unused-parameter -g -DCONFIG_NTFS_FS_POSIX_ACL=1  -fsanitize=bounds-strict -fsanitize=shift    -DMODULE  -DKBUILD_BASENAME='"debug"' -DKBUILD_MODNAME='"ntfs"' -D__KBUILD_MODNAME=ntfs -c -o debug.o debug.c  
2026/08/07 04:01:00 akmodsbuild: # CC [M]  sysctl.o
2026/08/07 04:01:00 akmodsbuild:   gcc -Wp,-MMD,./.sysctl.o.d -nostdinc -I/usr/src/kernels/7.1.6-201.fc44.x86_64/arch/x86/include -I/usr/src/kernels/7.1.6-201.fc44.x86_64/arch/x86/include/generated -I/usr/src/kernels/7.1.6-201.fc44.x86_64/include -I/usr/src/kernels/7.1.6-201.fc44.x86_64/include -I/usr/src/kernels/7.1.6-201.fc44.x86_64/arch/x86/include/uapi -I/usr/src/kernels/7.1.6-201.fc44.x86_64/arch/x86/include/generated/uapi -I/usr/src/kernels/7.1.6-201.fc44.x86_64/include/uapi -I/usr/src/kernels/7.1.6-201.fc44.x86_64/include/generated/uapi -include /usr/src/kernels/7.1.6-201.fc44.x86_64/include/linux/compiler-version.h -include /usr/src/kernels/7.1.6-201.fc44.x86_64/include/linux/kconfig.h -include /usr/src/kernels/7.1.6-201.fc44.x86_64/include/linux/compiler_types.h -D__KERNEL__ -fshort-wchar -funsigned-char -fno-common -fno-PIE -fno-strict-aliasing -std=gnu11 -fms-extensions -mno-sse -mno-mmx -mno-sse2 -mno-3dnow -mno-avx -mno-sse4a -fcf-protection=branch -fno-jump-tables -m64 -falign-jumps=1 -falign-loops=1 -mno-80387 -mno-fp-ret-in-387 -mpreferred-stack-boundary=3 -mskip-rax-setup -march=x86-64 -mtune=generic -mno-red-zone -mcmodel=kernel -mstack-protector-guard-reg=gs -mstack-protector-guard-symbol=__ref_stack_chk_guard -Wno-sign-compare -fno-asynchronous-unwind-tables -mindirect-branch=thunk-extern -mindirect-branch-register -mindirect-branch-cs-prefix -mfunction-return=thunk-extern -fno-jump-tables -mharden-sls=all -fpatchable-function-entry=16,16 -fno-delete-null-pointer-checks -O2 -fno-allow-store-data-races -fstack-protector-strong -ftrivial-auto-var-init=zero -fzero-init-padding-bits=all -fno-stack-clash-protection -fdiagnostics-show-context=2 -pg -mrecord-mcount -mfentry -DCC_USING_FENTRY -fno-inline-functions-called-once -fmin-function-alignment=16 -fstrict-flex-arrays=3 -fno-strict-overflow -fno-stack-check -fconserve-stack -fno-builtin-wcslen -Wall -Wextra -Wundef -Werror=implicit-function-declaration -Werror=implicit-int -Werror=return-type -Werror=strict-prototypes -Wno-format-security -Wno-trigraphs -Wno-frame-address -Wno-address-of-packed-member -Wmissing-declarations -Wmissing-prototypes -Wframe-larger-than=2048 -Wno-main -Wno-type-limits -Wno-dangling-pointer -Wvla-larger-than=1 -Wno-pointer-sign -Wcast-function-type -Wno-unterminated-string-initialization -Wno-array-bounds -Wno-stringop-overflow -Wno-alloc-size-larger-than -Wimplicit-fallthrough=5 -Werror=date-time -Werror=incompatible-pointer-types -Werror=designated-init -Wenum-conversion -Wunused -Wno-unused-but-set-variable -Wno-unused-const-variable -Wno-packed-not-aligned -Wno-format-overflow -Wno-format-truncation -Wno-stringop-truncation -Wno-override-init -Wno-missing-field-initializers -Wno-shift-negative-value -Wno-maybe-uninitialized -Wno-sign-compare -Wno-unused-parameter -g -DCONFIG_NTFS_FS_POSIX_ACL=1  -fsanitize=bounds-strict -fsanitize=shift    -DMODULE  -DKBUILD_BASENAME='"sysctl"' -DKBUILD_MODNAME='"ntfs"' -D__KBUILD_MODNAME=ntfs -c -o sysctl.o sysctl.c  
2026/08/07 04:01:00 akmodsbuild: # CC [M]  object_id.o
2026/08/07 04:01:00 akmodsbuild:   gcc -Wp,-MMD,./.object_id.o.d -nostdinc -I/usr/src/kernels/7.1.6-201.fc44.x86_64/arch/x86/include -I/usr/src/kernels/7.1.6-201.fc44.x86_64/arch/x86/include/generated -I/usr/src/kernels/7.1.6-201.fc44.x86_64/include -I/usr/src/kernels/7.1.6-201.fc44.x86_64/include -I/usr/src/kernels/7.1.6-201.fc44.x86_64/arch/x86/include/uapi -I/usr/src/kernels/7.1.6-201.fc44.x86_64/arch/x86/include/generated/uapi -I/usr/src/kernels/7.1.6-201.fc44.x86_64/include/uapi -I/usr/src/kernels/7.1.6-201.fc44.x86_64/include/generated/uapi -include /usr/src/kernels/7.1.6-201.fc44.x86_64/include/linux/compiler-version.h -include /usr/src/kernels/7.1.6-201.fc44.x86_64/include/linux/kconfig.h -include /usr/src/kernels/7.1.6-201.fc44.x86_64/include/linux/compiler_types.h -D__KERNEL__ -fshort-wchar -funsigned-char -fno-common -fno-PIE -fno-strict-aliasing -std=gnu11 -fms-extensions -mno-sse -mno-mmx -mno-sse2 -mno-3dnow -mno-avx -mno-sse4a -fcf-protection=branch -fno-jump-tables -m64 -falign-jumps=1 -falign-loops=1 -mno-80387 -mno-fp-ret-in-387 -mpreferred-stack-boundary=3 -mskip-rax-setup -march=x86-64 -mtune=generic -mno-red-zone -mcmodel=kernel -mstack-protector-guard-reg=gs -mstack-protector-guard-symbol=__ref_stack_chk_guard -Wno-sign-compare -fno-asynchronous-unwind-tables -mindirect-branch=thunk-extern -mindirect-branch-register -mindirect-branch-cs-prefix -mfunction-return=thunk-extern -fno-jump-tables -mharden-sls=all -fpatchable-function-entry=16,16 -fno-delete-null-pointer-checks -O2 -fno-allow-store-data-races -fstack-protector-strong -ftrivial-auto-var-init=zero -fzero-init-padding-bits=all -fno-stack-clash-protection -fdiagnostics-show-context=2 -pg -mrecord-mcount -mfentry -DCC_USING_FENTRY -fno-inline-functions-called-once -fmin-function-alignment=16 -fstrict-flex-arrays=3 -fno-strict-overflow -fno-stack-check -fconserve-stack -fno-builtin-wcslen -Wall -Wextra -Wundef -Werror=implicit-function-declaration -Werror=implicit-int -Werror=return-type -Werror=strict-prototypes -Wno-format-security -Wno-trigraphs -Wno-frame-address -Wno-address-of-packed-member -Wmissing-declarations -Wmissing-prototypes -Wframe-larger-than=2048 -Wno-main -Wno-type-limits -Wno-dangling-pointer -Wvla-larger-than=1 -Wno-pointer-sign -Wcast-function-type -Wno-unterminated-string-initialization -Wno-array-bounds -Wno-stringop-overflow -Wno-alloc-size-larger-than -Wimplicit-fallthrough=5 -Werror=date-time -Werror=incompatible-pointer-types -Werror=designated-init -Wenum-conversion -Wunused -Wno-unused-but-set-variable -Wno-unused-const-variable -Wno-packed-not-aligned -Wno-format-overflow -Wno-format-truncation -Wno-stringop-truncation -Wno-override-init -Wno-missing-field-initializers -Wno-shift-negative-value -Wno-maybe-uninitialized -Wno-sign-compare -Wno-unused-parameter -g -DCONFIG_NTFS_FS_POSIX_ACL=1  -fsanitize=bounds-strict -fsanitize=shift    -DMODULE  -DKBUILD_BASENAME='"object_id"' -DKBUILD_MODNAME='"ntfs"' -D__KBUILD_MODNAME=ntfs -c -o object_id.o object_id.c  
2026/08/07 04:01:00 akmodsbuild: # CC [M]  bdev-io.o
2026/08/07 04:01:00 akmodsbuild:   gcc -Wp,-MMD,./.bdev-io.o.d -nostdinc -I/usr/src/kernels/7.1.6-201.fc44.x86_64/arch/x86/include -I/usr/src/kernels/7.1.6-201.fc44.x86_64/arch/x86/include/generated -I/usr/src/kernels/7.1.6-201.fc44.x86_64/include -I/usr/src/kernels/7.1.6-201.fc44.x86_64/include -I/usr/src/kernels/7.1.6-201.fc44.x86_64/arch/x86/include/uapi -I/usr/src/kernels/7.1.6-201.fc44.x86_64/arch/x86/include/generated/uapi -I/usr/src/kernels/7.1.6-201.fc44.x86_64/include/uapi -I/usr/src/kernels/7.1.6-201.fc44.x86_64/include/generated/uapi -include /usr/src/kernels/7.1.6-201.fc44.x86_64/include/linux/compiler-version.h -include /usr/src/kernels/7.1.6-201.fc44.x86_64/include/linux/kconfig.h -include /usr/src/kernels/7.1.6-201.fc44.x86_64/include/linux/compiler_types.h -D__KERNEL__ -fshort-wchar -funsigned-char -fno-common -fno-PIE -fno-strict-aliasing -std=gnu11 -fms-extensions -mno-sse -mno-mmx -mno-sse2 -mno-3dnow -mno-avx -mno-sse4a -fcf-protection=branch -fno-jump-tables -m64 -falign-jumps=1 -falign-loops=1 -mno-80387 -mno-fp-ret-in-387 -mpreferred-stack-boundary=3 -mskip-rax-setup -march=x86-64 -mtune=generic -mno-red-zone -mcmodel=kernel -mstack-protector-guard-reg=gs -mstack-protector-guard-symbol=__ref_stack_chk_guard -Wno-sign-compare -fno-asynchronous-unwind-tables -mindirect-branch=thunk-extern -mindirect-branch-register -mindirect-branch-cs-prefix -mfunction-return=thunk-extern -fno-jump-tables -mharden-sls=all -fpatchable-function-entry=16,16 -fno-delete-null-pointer-checks -O2 -fno-allow-store-data-races -fstack-protector-strong -ftrivial-auto-var-init=zero -fzero-init-padding-bits=all -fno-stack-clash-protection -fdiagnostics-show-context=2 -pg -mrecord-mcount -mfentry -DCC_USING_FENTRY -fno-inline-functions-called-once -fmin-function-alignment=16 -fstrict-flex-arrays=3 -fno-strict-overflow -fno-stack-check -fconserve-stack -fno-builtin-wcslen -Wall -Wextra -Wundef -Werror=implicit-function-declaration -Werror=implicit-int -Werror=return-type -Werror=strict-prototypes -Wno-format-security -Wno-trigraphs -Wno-frame-address -Wno-address-of-packed-member -Wmissing-declarations -Wmissing-prototypes -Wframe-larger-than=2048 -Wno-main -Wno-type-limits -Wno-dangling-pointer -Wvla-larger-than=1 -Wno-pointer-sign -Wcast-function-type -Wno-unterminated-string-initialization -Wno-array-bounds -Wno-stringop-overflow -Wno-alloc-size-larger-than -Wimplicit-fallthrough=5 -Werror=date-time -Werror=incompatible-pointer-types -Werror=designated-init -Wenum-conversion -Wunused -Wno-unused-but-set-variable -Wno-unused-const-variable -Wno-packed-not-aligned -Wno-format-overflow -Wno-format-truncation -Wno-stringop-truncation -Wno-override-init -Wno-missing-field-initializers -Wno-shift-negative-value -Wno-maybe-uninitialized -Wno-sign-compare -Wno-unused-parameter -g -DCONFIG_NTFS_FS_POSIX_ACL=1  -fsanitize=bounds-strict -fsanitize=shift    -DMODULE  -DKBUILD_BASENAME='"bdev_io"' -DKBUILD_MODNAME='"ntfs"' -D__KBUILD_MODNAME=ntfs -c -o bdev-io.o bdev-io.c  
2026/08/07 04:01:00 akmodsbuild: # LD [M]  ntfs.o
2026/08/07 04:01:00 akmodsbuild:   ld -m elf_x86_64 -z noexecstack --no-warn-rwx-segments   -r -o ntfs.o @ntfs.mod  ; /usr/src/kernels/7.1.6-201.fc44.x86_64/tools/objtool/objtool --hacks=jump_label --hacks=noinstr --hacks=skylake --ibt --orc --retpoline --rethunk --sls --static-call --uaccess --prefix=16  --link  --module ntfs.o
2026/08/07 04:01:00 akmodsbuild: # cmd_gen_objtooldep ntfs.o
2026/08/07 04:01:00 akmodsbuild:    { echo ; echo 'ntfs.o: $(wildcard /usr/src/kernels/7.1.6-201.fc44.x86_64/tools/objtool/objtool)' ; } >> ./.ntfs.o.cmd
2026/08/07 04:01:00 akmodsbuild: # cmd_gen_order modules.order
2026/08/07 04:01:00 akmodsbuild:   {   echo ntfs.o; :; } > modules.order
2026/08/07 04:01:00 akmodsbuild: sh /usr/src/kernels/7.1.6-201.fc44.x86_64/scripts/modules-check.sh modules.order
2026/08/07 04:01:00 akmodsbuild: make -f /usr/src/kernels/7.1.6-201.fc44.x86_64/scripts/Makefile.modpost
2026/08/07 04:01:00 akmodsbuild: # MODPOST Module.symvers
2026/08/07 04:01:00 akmodsbuild:    /usr/src/kernels/7.1.6-201.fc44.x86_64/scripts/mod/modpost -M          -o Module.symvers -n -T modules.order -i /usr/src/kernels/7.1.6-201.fc44.x86_64/Module.symvers -e 
2026/08/07 04:01:00 akmodsbuild: make -f /usr/src/kernels/7.1.6-201.fc44.x86_64/scripts/Makefile.modfinal
2026/08/07 04:01:00 akmodsbuild: # CC [M]  ntfs.mod.o
2026/08/07 04:01:00 akmodsbuild:   gcc -Wp,-MMD,./.ntfs.mod.o.d -nostdinc -I/usr/src/kernels/7.1.6-201.fc44.x86_64/arch/x86/include -I/usr/src/kernels/7.1.6-201.fc44.x86_64/arch/x86/include/generated -I/usr/src/kernels/7.1.6-201.fc44.x86_64/include -I/usr/src/kernels/7.1.6-201.fc44.x86_64/include -I/usr/src/kernels/7.1.6-201.fc44.x86_64/arch/x86/include/uapi -I/usr/src/kernels/7.1.6-201.fc44.x86_64/arch/x86/include/generated/uapi -I/usr/src/kernels/7.1.6-201.fc44.x86_64/include/uapi -I/usr/src/kernels/7.1.6-201.fc44.x86_64/include/generated/uapi -include /usr/src/kernels/7.1.6-201.fc44.x86_64/include/linux/compiler-version.h -include /usr/src/kernels/7.1.6-201.fc44.x86_64/include/linux/kconfig.h -include /usr/src/kernels/7.1.6-201.fc44.x86_64/include/linux/compiler_types.h -D__KERNEL__ -fshort-wchar -funsigned-char -fno-common -fno-PIE -fno-strict-aliasing -std=gnu11 -fms-extensions -mno-sse -mno-mmx -mno-sse2 -mno-3dnow -mno-avx -mno-sse4a -fcf-protection=branch -fno-jump-tables -m64 -falign-jumps=1 -falign-loops=1 -mno-80387 -mno-fp-ret-in-387 -mpreferred-stack-boundary=3 -mskip-rax-setup -march=x86-64 -mtune=generic -mno-red-zone -mcmodel=kernel -mstack-protector-guard-reg=gs -mstack-protector-guard-symbol=__ref_stack_chk_guard -Wno-sign-compare -fno-asynchronous-unwind-tables -mindirect-branch=thunk-extern -mindirect-branch-register -mindirect-branch-cs-prefix -mfunction-return=thunk-extern -fno-jump-tables -mharden-sls=all -fpatchable-function-entry=16,16 -fno-delete-null-pointer-checks -O2 -fno-allow-store-data-races -fstack-protector-strong -ftrivial-auto-var-init=zero -fzero-init-padding-bits=all -fno-stack-clash-protection -fdiagnostics-show-context=2 -pg -mrecord-mcount -mfentry -DCC_USING_FENTRY -fno-inline-functions-called-once -fmin-function-alignment=16 -fstrict-flex-arrays=3 -fno-strict-overflow -fno-stack-check -fconserve-stack -fno-builtin-wcslen -Wall -Wextra -Wundef -Werror=implicit-function-declaration -Werror=implicit-int -Werror=return-type -Werror=strict-prototypes -Wno-format-security -Wno-trigraphs -Wno-frame-address -Wno-address-of-packed-member -Wmissing-declarations -Wmissing-prototypes -Wframe-larger-than=2048 -Wno-main -Wno-type-limits -Wno-dangling-pointer -Wvla-larger-than=1 -Wno-pointer-sign -Wcast-function-type -Wno-unterminated-string-initialization -Wno-array-bounds -Wno-stringop-overflow -Wno-alloc-size-larger-than -Wimplicit-fallthrough=5 -Werror=date-time -Werror=incompatible-pointer-types -Werror=designated-init -Wenum-conversion -Wunused -Wno-unused-but-set-variable -Wno-unused-const-variable -Wno-packed-not-aligned -Wno-format-overflow -Wno-format-truncation -Wno-stringop-truncation -Wno-override-init -Wno-missing-field-initializers -Wno-shift-negative-value -Wno-maybe-uninitialized -Wno-sign-compare -Wno-unused-parameter -g  -fsanitize=bounds-strict -fsanitize=shift    -DMODULE  -DKBUILD_BASENAME='"ntfs.mod"' -DKBUILD_MODNAME='"ntfs"' -D__KBUILD_MODNAME=ntfs -c -o ntfs.mod.o ntfs.mod.c   ; /usr/src/kernels/7.1.6-201.fc44.x86_64/tools/objtool/objtool --hacks=jump_label --hacks=noinstr --hacks=skylake --ibt --orc --retpoline --rethunk --sls --static-call --uaccess --prefix=16  --link  --module ntfs.mod.o
2026/08/07 04:01:00 akmodsbuild: # CC [M]  .module-common.o
2026/08/07 04:01:00 akmodsbuild:   gcc -Wp,-MMD,./..module-common.o.d -nostdinc -I/usr/src/kernels/7.1.6-201.fc44.x86_64/arch/x86/include -I/usr/src/kernels/7.1.6-201.fc44.x86_64/arch/x86/include/generated -I/usr/src/kernels/7.1.6-201.fc44.x86_64/include -I/usr/src/kernels/7.1.6-201.fc44.x86_64/include -I/usr/src/kernels/7.1.6-201.fc44.x86_64/arch/x86/include/uapi -I/usr/src/kernels/7.1.6-201.fc44.x86_64/arch/x86/include/generated/uapi -I/usr/src/kernels/7.1.6-201.fc44.x86_64/include/uapi -I/usr/src/kernels/7.1.6-201.fc44.x86_64/include/generated/uapi -include /usr/src/kernels/7.1.6-201.fc44.x86_64/include/linux/compiler-version.h -include /usr/src/kernels/7.1.6-201.fc44.x86_64/include/linux/kconfig.h -include /usr/src/kernels/7.1.6-201.fc44.x86_64/include/linux/compiler_types.h -D__KERNEL__ -fshort-wchar -funsigned-char -fno-common -fno-PIE -fno-strict-aliasing -std=gnu11 -fms-extensions -mno-sse -mno-mmx -mno-sse2 -mno-3dnow -mno-avx -mno-sse4a -fcf-protection=branch -fno-jump-tables -m64 -falign-jumps=1 -falign-loops=1 -mno-80387 -mno-fp-ret-in-387 -mpreferred-stack-boundary=3 -mskip-rax-setup -march=x86-64 -mtune=generic -mno-red-zone -mcmodel=kernel -mstack-protector-guard-reg=gs -mstack-protector-guard-symbol=__ref_stack_chk_guard -Wno-sign-compare -fno-asynchronous-unwind-tables -mindirect-branch=thunk-extern -mindirect-branch-register -mindirect-branch-cs-prefix -mfunction-return=thunk-extern -fno-jump-tables -mharden-sls=all -fpatchable-function-entry=16,16 -fno-delete-null-pointer-checks -O2 -fno-allow-store-data-races -fstack-protector-strong -ftrivial-auto-var-init=zero -fzero-init-padding-bits=all -fno-stack-clash-protection -fdiagnostics-show-context=2 -pg -mrecord-mcount -mfentry -DCC_USING_FENTRY -fno-inline-functions-called-once -fmin-function-alignment=16 -fstrict-flex-arrays=3 -fno-strict-overflow -fno-stack-check -fconserve-stack -fno-builtin-wcslen -Wall -Wextra -Wundef -Werror=implicit-function-declaration -Werror=implicit-int -Werror=return-type -Werror=strict-prototypes -Wno-format-security -Wno-trigraphs -Wno-frame-address -Wno-address-of-packed-member -Wmissing-declarations -Wmissing-prototypes -Wframe-larger-than=2048 -Wno-main -Wno-type-limits -Wno-dangling-pointer -Wvla-larger-than=1 -Wno-pointer-sign -Wcast-function-type -Wno-unterminated-string-initialization -Wno-array-bounds -Wno-stringop-overflow -Wno-alloc-size-larger-than -Wimplicit-fallthrough=5 -Werror=date-time -Werror=incompatible-pointer-types -Werror=designated-init -Wenum-conversion -Wunused -Wno-unused-but-set-variable -Wno-unused-const-variable -Wno-packed-not-aligned -Wno-format-overflow -Wno-format-truncation -Wno-stringop-truncation -Wno-override-init -Wno-missing-field-initializers -Wno-shift-negative-value -Wno-maybe-uninitialized -Wno-sign-compare -Wno-unused-parameter -g  -fsanitize=bounds-strict -fsanitize=shift    -DMODULE  -DKBUILD_BASENAME='".module_common"' -DKBUILD_MODNAME='".module_common.o"' -D__KBUILD_MODNAME=.module_common.o -c -o .module-common.o /usr/src/kernels/7.1.6-201.fc44.x86_64/scripts/module-common.c   ; /usr/src/kernels/7.1.6-201.fc44.x86_64/tools/objtool/objtool --hacks=jump_label --hacks=noinstr --hacks=skylake --ibt --orc --retpoline --rethunk --sls --static-call --uaccess --prefix=16  --link  --module .module-common.o
2026/08/07 04:01:00 akmodsbuild: # cmd_gen_objtooldep .module-common.o
2026/08/07 04:01:00 akmodsbuild:    { echo ; echo '.module-common.o: $(wildcard /usr/src/kernels/7.1.6-201.fc44.x86_64/tools/objtool/objtool)' ; } >> ./..module-common.o.cmd
2026/08/07 04:01:00 akmodsbuild: # cmd_gen_objtooldep ntfs.mod.o
2026/08/07 04:01:00 akmodsbuild:    { echo ; echo 'ntfs.mod.o: $(wildcard /usr/src/kernels/7.1.6-201.fc44.x86_64/tools/objtool/objtool)' ; } >> ./.ntfs.mod.o.cmd
2026/08/07 04:01:00 akmodsbuild: # LD [M]  ntfs.ko
2026/08/07 04:01:00 akmodsbuild:   ld -r -m elf_x86_64 -z noexecstack --no-warn-rwx-segments --build-id=sha1  -T /usr/src/kernels/7.1.6-201.fc44.x86_64/scripts/module.lds -o ntfs.ko ntfs.o ntfs.mod.o .module-common.o
2026/08/07 04:01:00 akmodsbuild: # BTF [M] ntfs.ko
2026/08/07 04:01:00 akmodsbuild:   if [ ! -f /usr/src/kernels/7.1.6-201.fc44.x86_64/vmlinux ]; then printf "Skipping BTF generation for %s due to unavailability of vmlinux\n" ntfs.ko 1>&2; else sh /usr/src/kernels/7.1.6-201.fc44.x86_64/scripts/gen-btf.sh --btf_base /usr/src/kernels/7.1.6-201.fc44.x86_64/vmlinux ntfs.ko; fi;
2026/08/07 04:01:00 akmodsbuild: Skipping BTF generation for ntfs.ko due to unavailability of vmlinux
2026/08/07 04:01:00 akmodsbuild: make[1]: Leaving directory '/tmp/akmodsbuild.25M4OJZl/BUILD/linux-ntfs-kmod-20260722-build/_kmod_build_7.1.6-201.fc44.x86_64'
2026/08/07 04:01:00 akmodsbuild: make: Leaving directory '/usr/src/kernels/7.1.6-201.fc44.x86_64'
2026/08/07 04:01:00 akmodsbuild: + RPM_EC=0
2026/08/07 04:01:00 akmodsbuild: ++ jobs -p
2026/08/07 04:01:00 akmodsbuild: + exit 0
2026/08/07 04:01:00 akmodsbuild: Exécution_de(%install) : /bin/sh -e /var/tmp/rpm-tmp.JJCDPT
2026/08/07 04:01:00 akmodsbuild: + umask 022
2026/08/07 04:01:00 akmodsbuild: + cd /tmp/akmodsbuild.25M4OJZl//BUILD/linux-ntfs-kmod-20260722-build
2026/08/07 04:01:00 akmodsbuild: + '[' /tmp/akmodsbuild.25M4OJZl/BUILD/linux-ntfs-kmod-20260722-build/BUILDROOT '!=' / ']'
2026/08/07 04:01:00 akmodsbuild: + rm -rf /tmp/akmodsbuild.25M4OJZl/BUILD/linux-ntfs-kmod-20260722-build/BUILDROOT
2026/08/07 04:01:00 akmodsbuild: ++ dirname /tmp/akmodsbuild.25M4OJZl/BUILD/linux-ntfs-kmod-20260722-build/BUILDROOT
2026/08/07 04:01:00 akmodsbuild: + mkdir -p /tmp/akmodsbuild.25M4OJZl/BUILD/linux-ntfs-kmod-20260722-build
2026/08/07 04:01:00 akmodsbuild: + mkdir /tmp/akmodsbuild.25M4OJZl/BUILD/linux-ntfs-kmod-20260722-build/BUILDROOT
2026/08/07 04:01:00 akmodsbuild: + CFLAGS='-O2 -flto=auto -ffat-lto-objects -fexceptions -g -grecord-gcc-switches -pipe -Wall -Werror=format-security -Wp,-U_FORTIFY_SOURCE,-D_FORTIFY_SOURCE=3 -Wp,-D_GLIBCXX_ASSERTIONS -specs=/usr/lib/rpm/redhat/redhat-hardened-cc1 -fstack-protector-strong -specs=/usr/lib/rpm/redhat/redhat-annobin-cc1  -m64 -march=x86-64 -mtune=generic -fasynchronous-unwind-tables -fstack-clash-protection -fcf-protection -mtls-dialect=gnu2 -fno-omit-frame-pointer -mno-omit-leaf-frame-pointer  '
2026/08/07 04:01:00 akmodsbuild: + export CFLAGS
2026/08/07 04:01:00 akmodsbuild: + CXXFLAGS='-O2 -flto=auto -ffat-lto-objects -fexceptions -g -grecord-gcc-switches -pipe -Wall -Werror=format-security -Wp,-U_FORTIFY_SOURCE,-D_FORTIFY_SOURCE=3 -Wp,-D_GLIBCXX_ASSERTIONS -specs=/usr/lib/rpm/redhat/redhat-hardened-cc1 -fstack-protector-strong -specs=/usr/lib/rpm/redhat/redhat-annobin-cc1  -m64 -march=x86-64 -mtune=generic -fasynchronous-unwind-tables -fstack-clash-protection -fcf-protection -mtls-dialect=gnu2 -fno-omit-frame-pointer -mno-omit-leaf-frame-pointer  '
2026/08/07 04:01:00 akmodsbuild: + export CXXFLAGS
2026/08/07 04:01:00 akmodsbuild: + FFLAGS='-O2 -flto=auto -ffat-lto-objects -fexceptions -g -grecord-gcc-switches -pipe -Wall -Wp,-U_FORTIFY_SOURCE,-D_FORTIFY_SOURCE=3 -Wp,-D_GLIBCXX_ASSERTIONS -specs=/usr/lib/rpm/redhat/redhat-hardened-cc1 -fstack-protector-strong -specs=/usr/lib/rpm/redhat/redhat-annobin-cc1  -m64 -march=x86-64 -mtune=generic -fasynchronous-unwind-tables -fstack-clash-protection -fcf-protection -mtls-dialect=gnu2 -fno-omit-frame-pointer -mno-omit-leaf-frame-pointer -I/usr/lib64/gfortran/modules  '
2026/08/07 04:01:00 akmodsbuild: + export FFLAGS
2026/08/07 04:01:00 akmodsbuild: + FCFLAGS='-O2 -flto=auto -ffat-lto-objects -fexceptions -g -grecord-gcc-switches -pipe -Wall -Wp,-U_FORTIFY_SOURCE,-D_FORTIFY_SOURCE=3 -Wp,-D_GLIBCXX_ASSERTIONS -specs=/usr/lib/rpm/redhat/redhat-hardened-cc1 -fstack-protector-strong -specs=/usr/lib/rpm/redhat/redhat-annobin-cc1  -m64 -march=x86-64 -mtune=generic -fasynchronous-unwind-tables -fstack-clash-protection -fcf-protection -mtls-dialect=gnu2 -fno-omit-frame-pointer -mno-omit-leaf-frame-pointer -I/usr/lib64/gfortran/modules  '
2026/08/07 04:01:00 akmodsbuild: + export FCFLAGS
2026/08/07 04:01:00 akmodsbuild: + VALAFLAGS=-g
2026/08/07 04:01:00 akmodsbuild: + export VALAFLAGS
2026/08/07 04:01:00 akmodsbuild: + RUSTFLAGS='-Copt-level=3 -Cdebuginfo=2 -Ccodegen-units=1 -Cstrip=none -Cforce-frame-pointers=yes -Clink-arg=-specs=/usr/lib/rpm/redhat/redhat-package-notes --cap-lints=warn'
2026/08/07 04:01:00 akmodsbuild: + export RUSTFLAGS
2026/08/07 04:01:00 akmodsbuild: + LDFLAGS='-Wl,-z,relro -Wl,--as-needed  -Wl,-z,pack-relative-relocs -Wl,-z,now -specs=/usr/lib/rpm/redhat/redhat-hardened-ld -specs=/usr/lib/rpm/redhat/redhat-hardened-ld-errors -specs=/usr/lib/rpm/redhat/redhat-annobin-cc1  -Wl,--build-id=sha1 -specs=/usr/lib/rpm/redhat/redhat-package-notes  '
2026/08/07 04:01:00 akmodsbuild: + export LDFLAGS
2026/08/07 04:01:00 akmodsbuild: + LT_SYS_LIBRARY_PATH=/usr/lib64:
2026/08/07 04:01:00 akmodsbuild: + export LT_SYS_LIBRARY_PATH
2026/08/07 04:01:00 akmodsbuild: + CC=gcc
2026/08/07 04:01:00 akmodsbuild: + export CC
2026/08/07 04:01:00 akmodsbuild: + CXX=g++
2026/08/07 04:01:00 akmodsbuild: + export CXX
2026/08/07 04:01:00 akmodsbuild: + cd linux-ntfs
2026/08/07 04:01:00 akmodsbuild: + for kernel_version in 7.1.6-201.fc44.x86_64___/usr/src/kernels/7.1.6-201.fc44.x86_64
2026/08/07 04:01:00 akmodsbuild: + install -D -m 644 ../_kmod_build_7.1.6-201.fc44.x86_64/ntfs.ko /tmp/akmodsbuild.25M4OJZl/BUILD/linux-ntfs-kmod-20260722-build/BUILDROOT/lib/modules//7.1.6-201.fc44.x86_64//extra/linux-ntfs//ntfs.ko
2026/08/07 04:01:00 akmodsbuild: + /usr/lib/rpm/check-buildroot
2026/08/07 04:01:00 akmodsbuild: + /usr/lib/rpm/redhat/brp-ldconfig
2026/08/07 04:01:00 akmodsbuild: + COMPRESS='gzip -9 -n'
2026/08/07 04:01:00 akmodsbuild: + COMPRESS_EXT=.gz
2026/08/07 04:01:00 akmodsbuild: + /usr/lib/rpm/brp-compress
2026/08/07 04:01:00 akmodsbuild: + /usr/lib/rpm/brp-strip /usr/bin/strip
2026/08/07 04:01:00 akmodsbuild: + /usr/lib/rpm/brp-strip-comment-note /usr/bin/strip /usr/bin/objdump
2026/08/07 04:01:00 akmodsbuild: + /usr/lib/rpm/redhat/brp-strip-lto /usr/bin/strip
2026/08/07 04:01:00 akmodsbuild: + /usr/lib/rpm/check-rpaths
2026/08/07 04:01:00 akmodsbuild: + /usr/lib/rpm/redhat/brp-mangle-shebangs
2026/08/07 04:01:00 akmodsbuild: + /usr/lib/rpm/brp-remove-la-files
2026/08/07 04:01:00 akmodsbuild: + /usr/lib/rpm/redhat/brp-python-rpm-in-distinfo
2026/08/07 04:01:00 akmodsbuild: + env /usr/lib/rpm/redhat/brp-python-bytecompile '' 1 0 -j16
2026/08/07 04:01:00 akmodsbuild: + /usr/lib/rpm/redhat/brp-python-hardlink
2026/08/07 04:01:00 akmodsbuild: + /usr/bin/add-det --brp -j16 /tmp/akmodsbuild.25M4OJZl/BUILD/linux-ntfs-kmod-20260722-build/BUILDROOT
2026/08/07 04:01:00 akmodsbuild: Scanned 6 directories and 1 files,
2026/08/07 04:01:00 akmodsbuild:     processed 0 inodes,
2026/08/07 04:01:00 akmodsbuild:     0 modified (0 replaced + 0 rewritten),
2026/08/07 04:01:00 akmodsbuild:     0 unsupported format, 0 errors
2026/08/07 04:01:00 akmodsbuild: + /usr/bin/linkdupes --brp /tmp/akmodsbuild.25M4OJZl/BUILD/linux-ntfs-kmod-20260722-build/BUILDROOT/usr
2026/08/07 04:01:00 akmodsbuild: Failed to process /tmp/akmodsbuild.25M4OJZl/BUILD/linux-ntfs-kmod-20260722-build/BUILDROOT/usr: IO error for operation on /tmp/akmodsbuild.25M4OJZl/BUILD/linux-ntfs-kmod-20260722-build/BUILDROOT/usr: No such file or directory (os error 2)
2026/08/07 04:01:00 akmodsbuild: Scanned 0 directories and 0 files,
2026/08/07 04:01:00 akmodsbuild:     considered 0 files, read 0 files, linked 0 files, 1 errors
2026/08/07 04:01:00 akmodsbuild:     sum of sizes of linked files: 0 bytes
2026/08/07 04:01:00 akmodsbuild: + '[' 1 -eq 1 ']'
2026/08/07 04:01:00 akmodsbuild: + '[' -x /usr/lib/rpm/brp-kmodsign ']'
2026/08/07 04:01:00 akmodsbuild: + '[' -e /etc/pki/akmods/private/private_key.priv ']'
2026/08/07 04:01:00 akmodsbuild: + '[' -e /etc/pki/akmods/certs/public_key.der ']'
2026/08/07 04:01:00 akmodsbuild: + /usr/lib/rpm/brp-kmodsign /etc/pki/akmods/private/private_key.priv /etc/pki/akmods/certs/public_key.der /tmp/akmodsbuild.25M4OJZl/BUILD/linux-ntfs-kmod-20260722-build/BUILDROOT/lib/modules/7.1.6-201.fc44.x86_64/extra/linux-ntfs/ /usr/src/kernels/7.1.6-201.fc44.x86_64
2026/08/07 04:01:00 akmodsbuild: + '[' 1 -eq 1 ']'
2026/08/07 04:01:00 akmodsbuild: + find /tmp/akmodsbuild.25M4OJZl/BUILD/linux-ntfs-kmod-20260722-build/BUILDROOT/lib/modules/7.1.6-201.fc44.x86_64/extra/linux-ntfs/ -type f -name '*.ko'
2026/08/07 04:01:00 akmodsbuild: + xargs xz --compress --check=crc32 --lzma2=dict=1MiB
2026/08/07 04:01:00 akmodsbuild: Reading /tmp/akmodsbuild.25M4OJZl/BUILD/linux-ntfs-kmod-20260722-build/SPECPARTS/rpm-debuginfo.specpart
2026/08/07 04:01:00 akmodsbuild: Traitement des fichiers : kmod-linux-ntfs-7.1.6-201.fc44.x86_64-20260722-1.fc44.x86_64
2026/08/07 04:01:00 akmodsbuild: Provides: kernel-modules-for-kernel = 7.1.6-201.fc44.x86_64 kmod(ntfs.ko) kmod-linux-ntfs-7.1.6-201.fc44.x86_64 = 20260722-1.fc44 kmod-linux-ntfs-7.1.6-201.fc44.x86_64(x86-64) = 20260722-1.fc44 linux-ntfs-kmod = 20260722-1.fc44
2026/08/07 04:01:00 akmodsbuild: Requires(interp): /bin/sh /bin/sh
2026/08/07 04:01:00 akmodsbuild: Requires(rpmlib): rpmlib(CompressedFileNames) <= 3.0.4-1 rpmlib(FileDigests) <= 4.6.0-1 rpmlib(PayloadFilesHavePrefix) <= 4.0-1
2026/08/07 04:01:00 akmodsbuild: Requires(post): /bin/sh /usr/sbin/depmod
2026/08/07 04:01:00 akmodsbuild: Requires(postun): /bin/sh /usr/sbin/depmod
2026/08/07 04:01:00 akmodsbuild: Traitement des fichiers : linux-ntfs-kmod-common-20260722-1.fc44.x86_64
2026/08/07 04:01:00 akmodsbuild: Vérification des fichiers non empaquetés : /usr/lib/rpm/check-files /tmp/akmodsbuild.25M4OJZl/BUILD/linux-ntfs-kmod-20260722-build/BUILDROOT
2026/08/07 04:01:00 akmodsbuild: Écrit : /tmp/akmodsbuild.25M4OJZl/RPMS/x86_64/linux-ntfs-kmod-common-20260722-1.fc44.x86_64.rpm
2026/08/07 04:01:00 akmodsbuild: Écrit : /tmp/akmodsbuild.25M4OJZl/RPMS/x86_64/kmod-linux-ntfs-7.1.6-201.fc44.x86_64-20260722-1.fc44.x86_64.rpm
2026/08/07 04:01:00 akmodsbuild: Exécution_de(rmbuild) : /bin/sh -e /var/tmp/rpm-tmp.oma458
2026/08/07 04:01:00 akmodsbuild: + umask 022
2026/08/07 04:01:00 akmodsbuild: + cd /tmp/akmodsbuild.25M4OJZl//BUILD/linux-ntfs-kmod-20260722-build
2026/08/07 04:01:00 akmodsbuild: + test -d /tmp/akmodsbuild.25M4OJZl//BUILD/linux-ntfs-kmod-20260722-build
2026/08/07 04:01:00 akmodsbuild: + /usr/bin/chmod -Rf a+rX,u+w,g-w,o-w /tmp/akmodsbuild.25M4OJZl//BUILD/linux-ntfs-kmod-20260722-build
2026/08/07 04:01:00 akmodsbuild: + rm -rf /tmp/akmodsbuild.25M4OJZl//BUILD/linux-ntfs-kmod-20260722-build
2026/08/07 04:01:00 akmodsbuild: + RPM_EC=0
2026/08/07 04:01:00 akmodsbuild: ++ jobs -p
2026/08/07 04:01:00 akmodsbuild: + exit 0
2026/08/07 04:01:00 akmods: Installing newly built rpms
2026/08/07 04:01:00 akmods: DNF detected
Mise à jour et chargement des dépôts :
Dépôts chargés.
Le paquet "linux-ntfs-kmod-common-20260722-1.fc44.x86_64" est déjà installé.

Paquet                                 Architecture Version           Dépôt           Taille
Installation de :
 kmod-linux-ntfs-7.1.6-201.fc44.x86_64 x86_64       0:20260722-1.fc44 @commandline 165.7 KiB

Résumé de la transaction :
 Installation :      1 paquet

La taille totale des paquets entrants est de 175 KiB. Un téléchargement de 0 B est nécessaire.
Après cette opération, 166 KiB supplémentaires seront utilisés (+166 KiB, -0 B).
Exécution de la transaction
[1/3] Vérifier les fichiers des paquet 100% | 333.0   B/s |   1.0   B |  00m00s
[2/3] Préparer la transaction          100% |   4.0   B/s |   1.0   B |  00m00s
[3/3] Installation de kmod-linux-ntfs-7 100% |  23.0 KiB/s | 166.3 KiB |  00m07s
Attention : vérifications OpenPGP ignorées pour 1 paquet du dépôt : @commandline
Terminé !
2026/08/07 04:01:08 akmods: Successful.
